0.000000000000000000e+00 3.636799999999999500e+01
9.486099999999999860e-05 3.636799999999999500e+01
1.897199999999999928e-04 3.636799999999999500e+01
2.845799999999999892e-04 3.636799999999999500e+01
3.794399999999999856e-04 3.636699999999999733e+01
4.742999999999999820e-04 3.636699999999999733e+01
5.691700000000000275e-04 3.636699999999999733e+01
6.640300000000000239e-04 3.636599999999999966e+01
7.588900000000000203e-04 3.636599999999999966e+01
8.537500000000000167e-04 3.636499999999999488e+01
9.486100000000000131e-04 3.636499999999999488e+01
1.043499999999999940e-03 3.636399999999999721e+01
1.138300000000000076e-03 3.636299999999999955e+01
1.233200000000000051e-03 3.636200000000000188e+01
1.328100000000000027e-03 3.636099999999999710e+01
1.422899999999999946e-03 3.635999999999999943e+01
1.517799999999999922e-03 3.635900000000000176e+01
1.612600000000000058e-03 3.635799999999999699e+01
1.707500000000000033e-03 3.635699999999999932e+01
1.802400000000000009e-03 3.635600000000000165e+01
1.897199999999999928e-03 3.635399999999999920e+01
1.992100000000000121e-03 3.635300000000000153e+01
2.086900000000000040e-03 3.635199999999999676e+01
2.181799999999999799e-03 3.635000000000000142e+01
2.276699999999999991e-03 3.634799999999999898e+01
2.371499999999999910e-03 3.634700000000000131e+01
2.466400000000000103e-03 3.634499999999999886e+01
2.561200000000000022e-03 3.634299999999999642e+01
2.656100000000000214e-03 3.634199999999999875e+01
2.750999999999999973e-03 3.633999999999999631e+01
2.845799999999999892e-03 3.633800000000000097e+01
2.940700000000000085e-03 3.633599999999999852e+01
3.035500000000000004e-03 3.633399999999999608e+01
3.130400000000000196e-03 3.633099999999999596e+01
3.225299999999999955e-03 3.632900000000000063e+01
3.320099999999999874e-03 3.632699999999999818e+01
3.415000000000000067e-03 3.632499999999999574e+01
3.509899999999999826e-03 3.632199999999999562e+01
3.604700000000000178e-03 3.632000000000000028e+01
3.699599999999999937e-03 3.631700000000000017e+01
3.794399999999999856e-03 3.631499999999999773e+01
3.889300000000000049e-03 3.631199999999999761e+01
3.984200000000000241e-03 3.630899999999999750e+01
4.079000000000000160e-03 3.630599999999999739e+01
4.173900000000000353e-03 3.630399999999999494e+01
4.268700000000000272e-03 3.630099999999999483e+01
4.363599999999999597e-03 3.629800000000000182e+01
4.458499999999999790e-03 3.629500000000000171e+01
4.553299999999999709e-03 3.629200000000000159e+01
4.648199999999999901e-03 3.628900000000000148e+01
4.742999999999999820e-03 3.628499999999999659e+01
4.837900000000000013e-03 3.628199999999999648e+01
4.932800000000000205e-03 3.627899999999999636e+01
5.027600000000000124e-03 3.627599999999999625e+01
5.122500000000000317e-03 3.627199999999999847e+01
5.217300000000000236e-03 3.626899999999999835e+01
5.312200000000000429e-03 3.626500000000000057e+01
5.407099999999999754e-03 3.626200000000000045e+01
5.501899999999999673e-03 3.625799999999999557e+01
5.596799999999999865e-03 3.625399999999999778e+01
5.691700000000000058e-03 3.625099999999999767e+01
5.786499999999999977e-03 3.624699999999999989e+01
5.881400000000000169e-03 3.624299999999999500e+01
5.976200000000000088e-03 3.623899999999999721e+01
6.071100000000000281e-03 3.623499999999999943e+01
6.165999999999999606e-03 3.623100000000000165e+01
6.260800000000000393e-03 3.622699999999999676e+01
6.355699999999999718e-03 3.622299999999999898e+01
6.450499999999999637e-03 3.621900000000000119e+01
6.545399999999999829e-03 3.621499999999999631e+01
6.640300000000000022e-03 3.621099999999999852e+01
6.735099999999999941e-03 3.620599999999999596e+01
6.830000000000000134e-03 3.620199999999999818e+01
6.924800000000000053e-03 3.619699999999999562e+01
7.019700000000000245e-03 3.619299999999999784e+01
7.114599999999999570e-03 3.618799999999999528e+01
7.209400000000000357e-03 3.618399999999999750e+01
7.304299999999999682e-03 3.617899999999999494e+01
7.399099999999999601e-03 3.617499999999999716e+01
7.493999999999999793e-03 3.617000000000000171e+01
7.588899999999999986e-03 3.616499999999999915e+01
7.683699999999999905e-03 3.615999999999999659e+01
7.778600000000000098e-03 3.615599999999999881e+01
7.873399999999999149e-03 3.615099999999999625e+01
7.968299999999999342e-03 3.614600000000000080e+01
8.063199999999999534e-03 3.614099999999999824e+01
8.158000000000000321e-03 3.613599999999999568e+01
8.252900000000000513e-03 3.612999999999999545e+01
8.347800000000000706e-03 3.612500000000000000e+01
8.442599999999999758e-03 3.611999999999999744e+01
8.537499999999999950e-03 3.611499999999999488e+01
8.632300000000000736e-03 3.610999999999999943e+01
8.727199999999999194e-03 3.610399999999999920e+01
8.822099999999999387e-03 3.609899999999999665e+01
8.916900000000000173e-03 3.609299999999999642e+01
9.011800000000000366e-03 3.608800000000000097e+01
9.106599999999999417e-03 3.608200000000000074e+01
9.201499999999999610e-03 3.607699999999999818e+01
9.296399999999999803e-03 3.607099999999999795e+01
9.391200000000000589e-03 3.606499999999999773e+01
9.486100000000000781e-03 3.605999999999999517e+01
9.580899999999999833e-03 3.605399999999999494e+01
9.675800000000000026e-03 3.604800000000000182e+01
9.770700000000000218e-03 3.604200000000000159e+01
9.865499999999999270e-03 3.603600000000000136e+01
9.960399999999999462e-03 3.603000000000000114e+01
1.005499999999999970e-02 3.602400000000000091e+01
1.014999999999999930e-02 3.601800000000000068e+01
1.024500000000000063e-02 3.601200000000000045e+01
1.034000000000000023e-02 3.600600000000000023e+01
1.043499999999999983e-02 3.599899999999999523e+01
1.052999999999999943e-02 3.599299999999999500e+01
1.062399999999999976e-02 3.598700000000000188e+01
1.071899999999999936e-02 3.597999999999999687e+01
1.081400000000000070e-02 3.597399999999999665e+01
1.090900000000000029e-02 3.596799999999999642e+01
1.100399999999999989e-02 3.596099999999999852e+01
1.109899999999999949e-02 3.595400000000000063e+01
1.119400000000000082e-02 3.594800000000000040e+01
1.128799999999999942e-02 3.594099999999999540e+01
1.138300000000000076e-02 3.593399999999999750e+01
1.147800000000000036e-02 3.592799999999999727e+01
1.157299999999999995e-02 3.592099999999999937e+01
1.166799999999999955e-02 3.591400000000000148e+01
1.176299999999999915e-02 3.590699999999999648e+01
1.185800000000000048e-02 3.589999999999999858e+01
1.195200000000000082e-02 3.589300000000000068e+01
1.204700000000000042e-02 3.588599999999999568e+01
1.214200000000000002e-02 3.587899999999999778e+01
1.223699999999999961e-02 3.587099999999999511e+01
1.233199999999999921e-02 3.586399999999999721e+01
1.242700000000000055e-02 3.585699999999999932e+01
1.252200000000000014e-02 3.584899999999999665e+01
1.261600000000000048e-02 3.584199999999999875e+01
1.271100000000000008e-02 3.583399999999999608e+01
1.280599999999999968e-02 3.582699999999999818e+01
1.290099999999999927e-02 3.581899999999999551e+01
1.299600000000000061e-02 3.581199999999999761e+01
1.309100000000000021e-02 3.580399999999999494e+01
1.318599999999999980e-02 3.579599999999999937e+01
1.328099999999999940e-02 3.578799999999999670e+01
1.337499999999999974e-02 3.578099999999999881e+01
1.346999999999999933e-02 3.577299999999999613e+01
1.356500000000000067e-02 3.576500000000000057e+01
1.366000000000000027e-02 3.575699999999999790e+01
1.375499999999999987e-02 3.574899999999999523e+01
1.384999999999999946e-02 3.573999999999999488e+01
1.394500000000000080e-02 3.573199999999999932e+01
1.403899999999999940e-02 3.572399999999999665e+01
1.413400000000000073e-02 3.571600000000000108e+01
1.422900000000000033e-02 3.570700000000000074e+01
1.432399999999999993e-02 3.569899999999999807e+01
1.441899999999999953e-02 3.568999999999999773e+01
1.451400000000000086e-02 3.568199999999999505e+01
1.460900000000000046e-02 3.567300000000000182e+01
1.470300000000000079e-02 3.566499999999999915e+01
1.479800000000000039e-02 3.565599999999999881e+01
1.489299999999999999e-02 3.564699999999999847e+01
1.498799999999999959e-02 3.563799999999999812e+01
1.508299999999999919e-02 3.562899999999999778e+01
1.517800000000000052e-02 3.561999999999999744e+01
1.527300000000000012e-02 3.561099999999999710e+01
1.536700000000000045e-02 3.560199999999999676e+01
1.546200000000000005e-02 3.559299999999999642e+01
1.555699999999999965e-02 3.558399999999999608e+01
1.565199999999999925e-02 3.557499999999999574e+01
1.574700000000000058e-02 3.556499999999999773e+01
1.584199999999999844e-02 3.555599999999999739e+01
1.593699999999999978e-02 3.554599999999999937e+01
1.603100000000000011e-02 3.553699999999999903e+01
1.612600000000000144e-02 3.552700000000000102e+01
1.622099999999999931e-02 3.551800000000000068e+01
1.631600000000000064e-02 3.550799999999999557e+01
1.641099999999999851e-02 3.549799999999999756e+01
1.650599999999999984e-02 3.548799999999999955e+01
1.660100000000000117e-02 3.547800000000000153e+01
1.669599999999999904e-02 3.546799999999999642e+01
1.678999999999999937e-02 3.545799999999999841e+01
1.688500000000000070e-02 3.544800000000000040e+01
1.697999999999999857e-02 3.543799999999999528e+01
1.707499999999999990e-02 3.542799999999999727e+01
1.717000000000000123e-02 3.541700000000000159e+01
1.726499999999999910e-02 3.540699999999999648e+01
1.736000000000000043e-02 3.539699999999999847e+01
1.745400000000000076e-02 3.538599999999999568e+01
1.754899999999999863e-02 3.537500000000000000e+01
1.764399999999999996e-02 3.536499999999999488e+01
1.773900000000000129e-02 3.535399999999999920e+01
1.783399999999999916e-02 3.534299999999999642e+01
1.792900000000000049e-02 3.533200000000000074e+01
1.802399999999999836e-02 3.532099999999999795e+01
1.811799999999999869e-02 3.530999999999999517e+01
1.821300000000000002e-02 3.529899999999999949e+01
1.830800000000000136e-02 3.528799999999999670e+01
1.840299999999999922e-02 3.527700000000000102e+01
1.849800000000000055e-02 3.526500000000000057e+01
1.859299999999999842e-02 3.525399999999999778e+01
1.868799999999999975e-02 3.524299999999999500e+01
1.878200000000000008e-02 3.523100000000000165e+01
1.887700000000000142e-02 3.521900000000000119e+01
1.897199999999999928e-02 3.520799999999999841e+01
1.906700000000000061e-02 3.519599999999999795e+01
1.916199999999999848e-02 3.518399999999999750e+01
1.925699999999999981e-02 3.517199999999999704e+01
1.935200000000000115e-02 3.515999999999999659e+01
1.944600000000000148e-02 3.514799999999999613e+01
1.954099999999999934e-02 3.513599999999999568e+01
1.963600000000000068e-02 3.512399999999999523e+01
1.973099999999999854e-02 3.511099999999999710e+01
1.982599999999999987e-02 3.509899999999999665e+01
1.992100000000000121e-02 3.508699999999999619e+01
2.001599999999999907e-02 3.507399999999999807e+01
2.010999999999999940e-02 3.506099999999999994e+01
2.020500000000000074e-02 3.504899999999999949e+01
2.029999999999999860e-02 3.503600000000000136e+01
2.039499999999999993e-02 3.502299999999999613e+01
2.049000000000000127e-02 3.500999999999999801e+01
2.058499999999999913e-02 3.499699999999999989e+01
2.068000000000000047e-02 3.498400000000000176e+01
2.077499999999999833e-02 3.497099999999999653e+01
2.086899999999999866e-02 3.495700000000000074e+01
2.096400000000000000e-02 3.494399999999999551e+01
2.105900000000000133e-02 3.493099999999999739e+01
2.115399999999999919e-02 3.491700000000000159e+01
2.124900000000000053e-02 3.490299999999999869e+01
2.134399999999999839e-02 3.489000000000000057e+01
2.143899999999999972e-02 3.487599999999999767e+01
2.153300000000000006e-02 3.486200000000000188e+01
2.162800000000000139e-02 3.484799999999999898e+01
2.172299999999999925e-02 3.483399999999999608e+01
2.181800000000000059e-02 3.482000000000000028e+01
2.191299999999999845e-02 3.480499999999999972e+01
2.200799999999999979e-02 3.479099999999999682e+01
2.210300000000000112e-02 3.477700000000000102e+01
2.219700000000000145e-02 3.476200000000000045e+01
2.229199999999999932e-02 3.474799999999999756e+01
2.238700000000000065e-02 3.473299999999999699e+01
2.248199999999999851e-02 3.471799999999999642e+01
2.257699999999999985e-02 3.470299999999999585e+01
2.267200000000000118e-02 3.468799999999999528e+01
2.276699999999999904e-02 3.467300000000000182e+01
2.286099999999999938e-02 3.465800000000000125e+01
2.295600000000000071e-02 3.464300000000000068e+01
2.305099999999999857e-02 3.462699999999999534e+01
2.314599999999999991e-02 3.461200000000000188e+01
2.324100000000000124e-02 3.459599999999999653e+01
2.333599999999999910e-02 3.458099999999999596e+01
2.343100000000000044e-02 3.456499999999999773e+01
2.352500000000000077e-02 3.454899999999999949e+01
2.361999999999999864e-02 3.453300000000000125e+01
2.371499999999999997e-02 3.451699999999999591e+01
2.381000000000000130e-02 3.450099999999999767e+01
2.390499999999999917e-02 3.448499999999999943e+01
2.400000000000000050e-02 3.446799999999999642e+01
2.409499999999999836e-02 3.445199999999999818e+01
2.418999999999999970e-02 3.443499999999999517e+01
2.428400000000000003e-02 3.441899999999999693e+01
2.437900000000000136e-02 3.440200000000000102e+01
2.447399999999999923e-02 3.438499999999999801e+01
2.456900000000000056e-02 3.436799999999999500e+01
2.466399999999999842e-02 3.435099999999999909e+01
2.475899999999999976e-02 3.433399999999999608e+01
2.485400000000000109e-02 3.431700000000000017e+01
2.494800000000000142e-02 3.429899999999999949e+01
2.504299999999999929e-02 3.428199999999999648e+01
2.513800000000000062e-02 3.426399999999999579e+01
2.523299999999999849e-02 3.424699999999999989e+01
2.532799999999999982e-02 3.422899999999999920e+01
2.542300000000000115e-02 3.421099999999999852e+01
2.551799999999999902e-02 3.419299999999999784e+01
2.561199999999999935e-02 3.417499999999999716e+01
2.570700000000000068e-02 3.415699999999999648e+01
2.580199999999999855e-02 3.413799999999999812e+01
2.589699999999999988e-02 3.411999999999999744e+01
2.599200000000000121e-02 3.410099999999999909e+01
2.608699999999999908e-02 3.408200000000000074e+01
2.618200000000000041e-02 3.406400000000000006e+01
2.627600000000000074e-02 3.404500000000000171e+01
2.637099999999999861e-02 3.402599999999999625e+01
2.646599999999999994e-02 3.400699999999999790e+01
2.656100000000000128e-02 3.398700000000000188e+01
2.665599999999999914e-02 3.396799999999999642e+01
2.675100000000000047e-02 3.394800000000000040e+01
2.684599999999999834e-02 3.392899999999999494e+01
2.693999999999999867e-02 3.390899999999999892e+01
2.703500000000000000e-02 3.388899999999999579e+01
2.713000000000000134e-02 3.386899999999999977e+01
2.722499999999999920e-02 3.384899999999999665e+01
2.732000000000000053e-02 3.382900000000000063e+01
2.741499999999999840e-02 3.380899999999999750e+01
2.750999999999999973e-02 3.378799999999999670e+01
2.760500000000000106e-02 3.376699999999999591e+01
2.769900000000000140e-02 3.374699999999999989e+01
2.779399999999999926e-02 3.372599999999999909e+01
2.788900000000000060e-02 3.370499999999999829e+01
2.798399999999999846e-02 3.368399999999999750e+01
2.807899999999999979e-02 3.366299999999999670e+01
2.817400000000000113e-02 3.364099999999999824e+01
2.826899999999999899e-02 3.361999999999999744e+01
2.836299999999999932e-02 3.359799999999999898e+01
2.845800000000000066e-02 3.357600000000000051e+01
2.855299999999999852e-02 3.355499999999999972e+01
2.864799999999999985e-02 3.353300000000000125e+01
2.874300000000000119e-02 3.350999999999999801e+01
2.883799999999999905e-02 3.348799999999999955e+01
2.893300000000000038e-02 3.346600000000000108e+01
2.902700000000000072e-02 3.344299999999999784e+01
2.912199999999999858e-02 3.342099999999999937e+01
2.921699999999999992e-02 3.339799999999999613e+01
2.931200000000000125e-02 3.337500000000000000e+01
2.940699999999999911e-02 3.335199999999999676e+01
2.950200000000000045e-02 3.332900000000000063e+01
2.959699999999999831e-02 3.330499999999999972e+01
2.969099999999999864e-02 3.328199999999999648e+01
2.978599999999999998e-02 3.325799999999999557e+01
2.988100000000000131e-02 3.323400000000000176e+01
2.997599999999999917e-02 3.321000000000000085e+01
3.007100000000000051e-02 3.318599999999999994e+01
3.016599999999999837e-02 3.316199999999999903e+01
3.026099999999999970e-02 3.313799999999999812e+01
3.035500000000000004e-02 3.311299999999999955e+01
3.045000000000000137e-02 3.308899999999999864e+01
3.054499999999999924e-02 3.306400000000000006e+01
3.064000000000000057e-02 3.303900000000000148e+01
3.073499999999999843e-02 3.301399999999999579e+01
3.082999999999999977e-02 3.298899999999999721e+01
3.092500000000000110e-02 3.296300000000000097e+01
3.101900000000000143e-02 3.293799999999999528e+01
3.111399999999999930e-02 3.291199999999999903e+01
3.120900000000000063e-02 3.288599999999999568e+01
3.130399999999999849e-02 3.285999999999999943e+01
3.139900000000000330e-02 3.283399999999999608e+01
3.149400000000000116e-02 3.280799999999999983e+01
3.158899999999999902e-02 3.278099999999999881e+01
3.168399999999999689e-02 3.275499999999999545e+01
3.177800000000000069e-02 3.272800000000000153e+01
3.187299999999999855e-02 3.270100000000000051e+01
3.196800000000000336e-02 3.267399999999999949e+01
3.206300000000000122e-02 3.264699999999999847e+01
3.215799999999999909e-02 3.261899999999999977e+01
3.225299999999999695e-02 3.259199999999999875e+01
3.234800000000000175e-02 3.256400000000000006e+01
3.244199999999999862e-02 3.253600000000000136e+01
3.253700000000000342e-02 3.250799999999999557e+01
3.263200000000000128e-02 3.247999999999999687e+01
3.272699999999999915e-02 3.245100000000000051e+01
3.282199999999999701e-02 3.242300000000000182e+01
3.291700000000000181e-02 3.239399999999999835e+01
3.301199999999999968e-02 3.236500000000000199e+01
3.310599999999999654e-02 3.233599999999999852e+01
3.320100000000000134e-02 3.230699999999999505e+01
3.329599999999999921e-02 3.227700000000000102e+01
3.339099999999999707e-02 3.224799999999999756e+01
3.348600000000000187e-02 3.221799999999999642e+01
3.358099999999999974e-02 3.218799999999999528e+01
3.367599999999999760e-02 3.215800000000000125e+01
3.377000000000000141e-02 3.212699999999999534e+01
3.386499999999999927e-02 3.209700000000000131e+01
3.395999999999999713e-02 3.206599999999999540e+01
3.405500000000000194e-02 3.203600000000000136e+01
3.414999999999999980e-02 3.200399999999999778e+01
3.424499999999999766e-02 3.197299999999999898e+01
3.434000000000000247e-02 3.194200000000000017e+01
3.443399999999999933e-02 3.191000000000000014e+01
3.452899999999999719e-02 3.187899999999999778e+01
3.462400000000000200e-02 3.184699999999999775e+01
3.471899999999999986e-02 3.181400000000000006e+01
3.481399999999999773e-02 3.178200000000000003e+01
3.490900000000000253e-02 3.175000000000000000e+01
3.500400000000000039e-02 3.171699999999999875e+01
3.509899999999999826e-02 3.168399999999999750e+01
3.519300000000000206e-02 3.165099999999999980e+01
3.528799999999999992e-02 3.161799999999999855e+01
3.538299999999999779e-02 3.158399999999999963e+01
3.547800000000000259e-02 3.155099999999999838e+01
3.557300000000000045e-02 3.151699999999999946e+01
3.566799999999999832e-02 3.148299999999999699e+01
3.576300000000000312e-02 3.144799999999999685e+01
3.585699999999999998e-02 3.141399999999999793e+01
3.595199999999999785e-02 3.137899999999999778e+01
3.604700000000000265e-02 3.134399999999999764e+01
3.614200000000000051e-02 3.130899999999999750e+01
3.623699999999999838e-02 3.127399999999999736e+01
3.633200000000000318e-02 3.123799999999999955e+01
3.642700000000000105e-02 3.120299999999999940e+01
3.652099999999999791e-02 3.116699999999999804e+01
3.661600000000000271e-02 3.113100000000000023e+01
3.671100000000000058e-02 3.109399999999999764e+01
3.680599999999999844e-02 3.105799999999999983e+01
3.690100000000000324e-02 3.102099999999999724e+01
3.699600000000000111e-02 3.098399999999999821e+01
3.709099999999999897e-02 3.094699999999999918e+01
3.718500000000000277e-02 3.091000000000000014e+01
3.728000000000000064e-02 3.087199999999999989e+01
3.737499999999999850e-02 3.083399999999999963e+01
3.747000000000000330e-02 3.079599999999999937e+01
3.756500000000000117e-02 3.075799999999999912e+01
3.765999999999999903e-02 3.071899999999999764e+01
3.775499999999999690e-02 3.068099999999999739e+01
3.784900000000000070e-02 3.064199999999999946e+01
3.794399999999999856e-02 3.060299999999999798e+01
3.803900000000000337e-02 3.056299999999999883e+01
3.813400000000000123e-02 3.052399999999999736e+01
3.822899999999999909e-02 3.048399999999999821e+01
3.832399999999999696e-02 3.044399999999999906e+01
3.841900000000000176e-02 3.040299999999999869e+01
3.851399999999999962e-02 3.036299999999999955e+01
3.860800000000000343e-02 3.032199999999999918e+01
3.870300000000000129e-02 3.028099999999999881e+01
3.879799999999999915e-02 3.023999999999999844e+01
3.889299999999999702e-02 3.019800000000000040e+01
3.898800000000000182e-02 3.015599999999999881e+01
3.908299999999999969e-02 3.011499999999999844e+01
3.917799999999999755e-02 3.007199999999999918e+01
3.927200000000000135e-02 3.002999999999999758e+01
3.936699999999999922e-02 2.998699999999999832e+01
3.946199999999999708e-02 2.994399999999999906e+01
3.955700000000000188e-02 2.990099999999999980e+01
3.965199999999999975e-02 2.985799999999999699e+01
3.974699999999999761e-02 2.981400000000000006e+01
3.984200000000000241e-02 2.976999999999999957e+01
3.993599999999999928e-02 2.972599999999999909e+01
4.003099999999999714e-02 2.968099999999999739e+01
4.012600000000000194e-02 2.963699999999999690e+01
4.022099999999999981e-02 2.959199999999999875e+01
4.031599999999999767e-02 2.954599999999999937e+01
4.041100000000000247e-02 2.950099999999999767e+01
4.050600000000000034e-02 2.945499999999999829e+01
4.059999999999999720e-02 2.940899999999999892e+01
4.069500000000000201e-02 2.936299999999999955e+01
4.078999999999999987e-02 2.931599999999999895e+01
4.088499999999999773e-02 2.926999999999999957e+01
4.098000000000000254e-02 2.922299999999999898e+01
4.107500000000000040e-02 2.917499999999999716e+01
4.116999999999999826e-02 2.912800000000000011e+01
4.126400000000000207e-02 2.907999999999999829e+01
4.135899999999999993e-02 2.903200000000000003e+01
4.145399999999999779e-02 2.898299999999999699e+01
4.154900000000000260e-02 2.893499999999999872e+01
4.164400000000000046e-02 2.888599999999999923e+01
4.173899999999999832e-02 2.883599999999999852e+01
4.183400000000000313e-02 2.878699999999999903e+01
4.192799999999999999e-02 2.873699999999999832e+01
4.202299999999999786e-02 2.868699999999999761e+01
4.211800000000000266e-02 2.863700000000000045e+01
4.221300000000000052e-02 2.858599999999999852e+01
4.230799999999999839e-02 2.853500000000000014e+01
4.240300000000000319e-02 2.848399999999999821e+01
4.249800000000000105e-02 2.843199999999999861e+01
4.259299999999999892e-02 2.838100000000000023e+01
4.268700000000000272e-02 2.832899999999999707e+01
4.278200000000000058e-02 2.827599999999999980e+01
4.287699999999999845e-02 2.822299999999999898e+01
4.297200000000000325e-02 2.817099999999999937e+01
4.306700000000000111e-02 2.811699999999999733e+01
4.316199999999999898e-02 2.806400000000000006e+01
4.325699999999999684e-02 2.800999999999999801e+01
4.335100000000000064e-02 2.795599999999999952e+01
4.344599999999999851e-02 2.790099999999999980e+01
4.354100000000000331e-02 2.784600000000000009e+01
4.363600000000000118e-02 2.779100000000000037e+01
4.373099999999999904e-02 2.773599999999999710e+01
4.382599999999999690e-02 2.767999999999999972e+01
4.392100000000000171e-02 2.762399999999999878e+01
4.401499999999999857e-02 2.756799999999999784e+01
4.411000000000000337e-02 2.751099999999999923e+01
4.420500000000000124e-02 2.745399999999999707e+01
4.429999999999999910e-02 2.739699999999999847e+01
4.439499999999999696e-02 2.733999999999999986e+01
4.449000000000000177e-02 2.728200000000000003e+01
4.458499999999999963e-02 2.722400000000000020e+01
4.467900000000000343e-02 2.716499999999999915e+01
4.477400000000000130e-02 2.710599999999999810e+01
4.486899999999999916e-02 2.704699999999999704e+01
4.496399999999999703e-02 2.698799999999999955e+01
4.505900000000000183e-02 2.692799999999999727e+01
4.515399999999999969e-02 2.686799999999999855e+01
4.524899999999999756e-02 2.680699999999999861e+01
4.534300000000000136e-02 2.674599999999999866e+01
4.543799999999999922e-02 2.668499999999999872e+01
4.553299999999999709e-02 2.662399999999999878e+01
4.562800000000000189e-02 2.656199999999999761e+01
4.572299999999999975e-02 2.650000000000000000e+01
4.581799999999999762e-02 2.643699999999999761e+01
4.591300000000000242e-02 2.637500000000000000e+01
4.600800000000000028e-02 2.631099999999999994e+01
4.610199999999999715e-02 2.624799999999999756e+01
4.619700000000000195e-02 2.618399999999999750e+01
4.629199999999999982e-02 2.611999999999999744e+01
4.638699999999999768e-02 2.605499999999999972e+01
4.648200000000000248e-02 2.598999999999999844e+01
4.657700000000000035e-02 2.592499999999999716e+01
4.667199999999999821e-02 2.585999999999999943e+01
4.676600000000000201e-02 2.579400000000000048e+01
4.686099999999999988e-02 2.572799999999999798e+01
4.695599999999999774e-02 2.566099999999999781e+01
4.705100000000000254e-02 2.559399999999999764e+01
4.714600000000000041e-02 2.552699999999999747e+01
4.724099999999999827e-02 2.545899999999999963e+01
4.733600000000000307e-02 2.539099999999999824e+01
4.742999999999999994e-02 2.532199999999999918e+01
4.752499999999999780e-02 2.525399999999999778e+01
4.762000000000000260e-02 2.518499999999999872e+01
4.771500000000000047e-02 2.511499999999999844e+01
4.780999999999999833e-02 2.504499999999999815e+01
4.790500000000000314e-02 2.497499999999999787e+01
4.800000000000000100e-02 2.490399999999999991e+01
4.809399999999999786e-02 2.483299999999999841e+01
4.818900000000000267e-02 2.476200000000000045e+01
4.828400000000000053e-02 2.468999999999999773e+01
4.837899999999999839e-02 2.461799999999999855e+01
4.847400000000000320e-02 2.454599999999999937e+01
4.856900000000000106e-02 2.447299999999999898e+01
4.866399999999999892e-02 2.439999999999999858e+01
4.875800000000000273e-02 2.432600000000000051e+01
4.885300000000000059e-02 2.425199999999999889e+01
4.894799999999999846e-02 2.417799999999999727e+01
4.904300000000000326e-02 2.410299999999999798e+01
4.913800000000000112e-02 2.402799999999999869e+01
4.923299999999999899e-02 2.395299999999999940e+01
4.932799999999999685e-02 2.387699999999999889e+01
4.942200000000000065e-02 2.380099999999999838e+01
4.951699999999999852e-02 2.372400000000000020e+01
4.961200000000000332e-02 2.364699999999999847e+01
4.970700000000000118e-02 2.357000000000000028e+01
4.980199999999999905e-02 2.349199999999999733e+01
4.989699999999999691e-02 2.341399999999999793e+01
4.999200000000000171e-02 2.333499999999999730e+01
5.008699999999999958e-02 2.325600000000000023e+01
5.018100000000000338e-02 2.317699999999999960e+01
5.027600000000000124e-02 2.309699999999999775e+01
5.037099999999999911e-02 2.301699999999999946e+01
5.046599999999999697e-02 2.293599999999999994e+01
5.056100000000000178e-02 2.285500000000000043e+01
5.065599999999999964e-02 2.277399999999999736e+01
5.075099999999999750e-02 2.269200000000000017e+01
5.084500000000000131e-02 2.260999999999999943e+01
5.093999999999999917e-02 2.252699999999999747e+01
5.103499999999999703e-02 2.244399999999999906e+01
5.113000000000000184e-02 2.236100000000000065e+01
5.122499999999999970e-02 2.227699999999999747e+01
5.131999999999999756e-02 2.219299999999999784e+01
5.141500000000000237e-02 2.210899999999999821e+01
5.150899999999999923e-02 2.202399999999999736e+01
5.160399999999999709e-02 2.193799999999999883e+01
5.169900000000000190e-02 2.185200000000000031e+01
5.179399999999999976e-02 2.176599999999999824e+01
5.188899999999999763e-02 2.167999999999999972e+01
5.198400000000000243e-02 2.159299999999999997e+01
5.207900000000000029e-02 2.150499999999999901e+01
5.217299999999999716e-02 2.141699999999999804e+01
5.226800000000000196e-02 2.132900000000000063e+01
5.236299999999999982e-02 2.123999999999999844e+01
5.245799999999999769e-02 2.115099999999999980e+01
5.255300000000000249e-02 2.106199999999999761e+01
5.264800000000000035e-02 2.097199999999999775e+01
5.274299999999999822e-02 2.088199999999999790e+01
5.283700000000000202e-02 2.079100000000000037e+01
5.293199999999999988e-02 2.069999999999999929e+01
5.302699999999999775e-02 2.060800000000000054e+01
5.312200000000000255e-02 2.051599999999999824e+01
5.321700000000000041e-02 2.042399999999999949e+01
5.331199999999999828e-02 2.033099999999999952e+01
5.340700000000000308e-02 2.023799999999999955e+01
5.350200000000000095e-02 2.014399999999999835e+01
5.359599999999999781e-02 2.005000000000000071e+01
5.369100000000000261e-02 1.995599999999999952e+01
5.378600000000000048e-02 1.986100000000000065e+01
5.388099999999999834e-02 1.976500000000000057e+01
5.397600000000000314e-02 1.966999999999999815e+01
5.407100000000000101e-02 1.957300000000000040e+01
5.416599999999999887e-02 1.947700000000000031e+01
5.426000000000000267e-02 1.937999999999999901e+01
5.435500000000000054e-02 1.928200000000000003e+01
5.444999999999999840e-02 1.918399999999999750e+01
5.454500000000000320e-02 1.908599999999999852e+01
5.464000000000000107e-02 1.898699999999999832e+01
5.473499999999999893e-02 1.888799999999999812e+01
5.482999999999999680e-02 1.878899999999999793e+01
5.492400000000000060e-02 1.868900000000000006e+01
5.501899999999999846e-02 1.858799999999999741e+01
5.511400000000000327e-02 1.848799999999999955e+01
5.520900000000000113e-02 1.838599999999999923e+01
5.530399999999999899e-02 1.828500000000000014e+01
5.539899999999999686e-02 1.818299999999999983e+01
5.549400000000000166e-02 1.807999999999999829e+01
5.558799999999999852e-02 1.797700000000000031e+01
5.568300000000000333e-02 1.787399999999999878e+01
5.577800000000000119e-02 1.776999999999999957e+01
5.587299999999999905e-02 1.766600000000000037e+01
5.596799999999999692e-02 1.756199999999999761e+01
5.606300000000000172e-02 1.745700000000000074e+01
5.615799999999999959e-02 1.735099999999999909e+01
5.625200000000000339e-02 1.724500000000000099e+01
5.634700000000000125e-02 1.713899999999999935e+01
5.644199999999999912e-02 1.703200000000000003e+01
5.653699999999999698e-02 1.692500000000000071e+01
5.663200000000000178e-02 1.681799999999999784e+01
5.672699999999999965e-02 1.671000000000000085e+01
5.682199999999999751e-02 1.660200000000000031e+01
5.691700000000000231e-02 1.649299999999999855e+01
5.701099999999999918e-02 1.638400000000000034e+01
5.710599999999999704e-02 1.627400000000000091e+01
5.720100000000000184e-02 1.616399999999999793e+01
5.729599999999999971e-02 1.605399999999999849e+01
5.739099999999999757e-02 1.594299999999999962e+01
5.748600000000000237e-02 1.583199999999999896e+01
5.758100000000000024e-02 1.571999999999999886e+01
5.767499999999999710e-02 1.560799999999999876e+01
5.777000000000000191e-02 1.549599999999999866e+01
5.786499999999999977e-02 1.538299999999999912e+01
5.795999999999999763e-02 1.526999999999999957e+01
5.805500000000000244e-02 1.515599999999999881e+01
5.815000000000000030e-02 1.504199999999999982e+01
5.824499999999999816e-02 1.492799999999999905e+01
5.833900000000000197e-02 1.481299999999999883e+01
5.843399999999999983e-02 1.469799999999999862e+01
5.852899999999999769e-02 1.458199999999999896e+01
5.862400000000000250e-02 1.446599999999999930e+01
5.871900000000000036e-02 1.434999999999999964e+01
5.881399999999999822e-02 1.423299999999999876e+01
5.890900000000000303e-02 1.411599999999999966e+01
5.900299999999999989e-02 1.399799999999999933e+01
5.909799999999999776e-02 1.387999999999999901e+01
5.919300000000000256e-02 1.376199999999999868e+01
5.928800000000000042e-02 1.364299999999999891e+01
5.938299999999999829e-02 1.352399999999999913e+01
5.947800000000000309e-02 1.340499999999999936e+01
5.957300000000000095e-02 1.328500000000000014e+01
5.966699999999999782e-02 1.316499999999999915e+01
5.976200000000000262e-02 1.304399999999999871e+01
5.985700000000000048e-02 1.292300000000000004e+01
5.995199999999999835e-02 1.280199999999999960e+01
6.004700000000000315e-02 1.267999999999999972e+01
6.014200000000000101e-02 1.255799999999999983e+01
6.023699999999999888e-02 1.243599999999999994e+01
6.033100000000000268e-02 1.231299999999999883e+01
6.042600000000000054e-02 1.218999999999999950e+01
6.052099999999999841e-02 1.206700000000000017e+01
6.061600000000000321e-02 1.194299999999999962e+01
6.071100000000000108e-02 1.181799999999999962e+01
6.080599999999999894e-02 1.169399999999999906e+01
6.090099999999999680e-02 1.156899999999999906e+01
6.099600000000000161e-02 1.144399999999999906e+01
6.108999999999999847e-02 1.131799999999999962e+01
6.118500000000000327e-02 1.119200000000000017e+01
6.128000000000000114e-02 1.106599999999999895e+01
6.137499999999999900e-02 1.093999999999999950e+01
6.146999999999999686e-02 1.081299999999999883e+01
6.156500000000000167e-02 1.068499999999999872e+01
6.165999999999999953e-02 1.055799999999999983e+01
6.175400000000000333e-02 1.042999999999999972e+01
6.184900000000000120e-02 1.030199999999999960e+01
6.194399999999999906e-02 1.017300000000000004e+01
6.203899999999999693e-02 1.004399999999999871e+01
6.213400000000000173e-02 9.915199999999998681e+00
6.222899999999999959e-02 9.785700000000000287e+00
6.232399999999999746e-02 9.655999999999998806e+00
6.241800000000000126e-02 9.525900000000000034e+00
6.251299999999999912e-02 9.395500000000000185e+00
6.260799999999999699e-02 9.264799999999999258e+00
6.270299999999999485e-02 9.133899999999998798e+00
6.279800000000000659e-02 9.002599999999999270e+00
6.289300000000000446e-02 8.871100000000000207e+00
6.298800000000000232e-02 8.739300000000000068e+00
6.308199999999999918e-02 8.607199999999998852e+00
6.317699999999999705e-02 8.474800000000000111e+00
6.327199999999999491e-02 8.342100000000000293e+00
6.336700000000000665e-02 8.209199999999999164e+00
6.346200000000000452e-02 8.076000000000000512e+00
6.355700000000000238e-02 7.942599999999999660e+00
6.365200000000000025e-02 7.808899999999999508e+00
6.374599999999999711e-02 7.674900000000000055e+00
6.384099999999999497e-02 7.540699999999999292e+00
6.393600000000000672e-02 7.406199999999999228e+00
6.403100000000000458e-02 7.271499999999999631e+00
6.412600000000000244e-02 7.136499999999999844e+00
6.422100000000000031e-02 7.001299999999999635e+00
6.431599999999999817e-02 6.865899999999999892e+00
6.441099999999999604e-02 6.730199999999999960e+00
6.450500000000000678e-02 6.594399999999999373e+00
6.460000000000000464e-02 6.458299999999999486e+00
6.469500000000000250e-02 6.321899999999999409e+00
6.479000000000000037e-02 6.185399999999999565e+00
6.488499999999999823e-02 6.048599999999999532e+00
6.497999999999999610e-02 5.911699999999999733e+00
6.507499999999999396e-02 5.774499999999999744e+00
6.516900000000000470e-02 5.637199999999999989e+00
6.526400000000000257e-02 5.499600000000000044e+00
6.535900000000000043e-02 5.361899999999999444e+00
6.545399999999999829e-02 5.223899999999999544e+00
6.554899999999999616e-02 5.085799999999999876e+00
6.564399999999999402e-02 4.947499999999999787e+00
6.573900000000000576e-02 4.809099999999999930e+00
6.583300000000000263e-02 4.670399999999999885e+00
6.592800000000000049e-02 4.531600000000000072e+00
6.602299999999999836e-02 4.392699999999999605e+00
6.611799999999999622e-02 4.253499999999999837e+00
6.621299999999999408e-02 4.114300000000000068e+00
6.630800000000000582e-02 3.974899999999999878e+00
6.640300000000000369e-02 3.835299999999999709e+00
6.649700000000000055e-02 3.695599999999999774e+00
6.659199999999999842e-02 3.555799999999999628e+00
6.668699999999999628e-02 3.415799999999999947e+00
6.678199999999999414e-02 3.275700000000000056e+00
6.687700000000000589e-02 3.135499999999999954e+00
6.697200000000000375e-02 2.995200000000000085e+00
6.706700000000000161e-02 2.854699999999999793e+00
6.716099999999999848e-02 2.714199999999999946e+00
6.725599999999999634e-02 2.573499999999999677e+00
6.735099999999999421e-02 2.432799999999999851e+00
6.744600000000000595e-02 2.291900000000000048e+00
6.754100000000000381e-02 2.150999999999999801e+00
6.763600000000000168e-02 2.009999999999999787e+00
6.773099999999999954e-02 1.868900000000000006e+00
6.782599999999999740e-02 1.727700000000000014e+00
6.791999999999999427e-02 1.586500000000000021e+00
6.801500000000000601e-02 1.445200000000000040e+00
6.811000000000000387e-02 1.303799999999999848e+00
6.820500000000000174e-02 1.162399999999999878e+00
6.829999999999999960e-02 1.020899999999999919e+00
6.839499999999999746e-02 8.793699999999999850e-01
6.848999999999999533e-02 7.378000000000000114e-01
6.858400000000000607e-02 5.961999999999999522e-01
6.867900000000000393e-02 4.545599999999999641e-01
6.877400000000000180e-02 3.128900000000000015e-01
6.886899999999999966e-02 1.711999999999999911e-01
6.896399999999999753e-02 2.948800000000000032e-02
6.905899999999999539e-02 -1.122399999999999926e-01
6.915399999999999325e-02 -2.539699999999999736e-01
6.924800000000000400e-02 -3.957100000000000062e-01
6.934300000000000186e-02 -5.374499999999999833e-01
6.943799999999999972e-02 -6.791800000000000059e-01
6.953299999999999759e-02 -8.209099999999999175e-01
6.962799999999999545e-02 -9.626199999999999202e-01
6.972299999999999331e-02 -1.104300000000000059e+00
6.981800000000000506e-02 -1.245999999999999996e+00
6.991200000000000192e-02 -1.387599999999999945e+00
7.000699999999999978e-02 -1.529199999999999893e+00
7.010199999999999765e-02 -1.670799999999999841e+00
7.019699999999999551e-02 -1.812300000000000022e+00
7.029199999999999338e-02 -1.953799999999999981e+00
7.038700000000000512e-02 -2.095199999999999729e+00
7.048200000000000298e-02 -2.236599999999999699e+00
7.057599999999999985e-02 -2.377899999999999903e+00
7.067099999999999771e-02 -2.519099999999999895e+00
7.076599999999999557e-02 -2.660299999999999887e+00
7.086099999999999344e-02 -2.801399999999999668e+00
7.095600000000000518e-02 -2.942399999999999682e+00
7.105100000000000304e-02 -3.083399999999999697e+00
7.114600000000000091e-02 -3.224199999999999733e+00
7.123999999999999777e-02 -3.364999999999999769e+00
7.133499999999999563e-02 -3.505599999999999827e+00
7.142999999999999350e-02 -3.646099999999999675e+00
7.152500000000000524e-02 -3.786599999999999966e+00
7.162000000000000310e-02 -3.926899999999999835e+00
7.171500000000000097e-02 -4.067099999999999937e+00
7.180999999999999883e-02 -4.207199999999999385e+00
7.190499999999999670e-02 -4.347199999999999953e+00
7.199899999999999356e-02 -4.487000000000000099e+00
7.209400000000000530e-02 -4.626699999999999591e+00
7.218900000000000317e-02 -4.766300000000000203e+00
7.228400000000000103e-02 -4.905699999999999505e+00
7.237899999999999889e-02 -5.044999999999999929e+00
7.247399999999999676e-02 -5.184099999999999930e+00
7.256899999999999462e-02 -5.322999999999999510e+00
7.266300000000000536e-02 -5.461799999999999322e+00
7.275800000000000323e-02 -5.600499999999999368e+00
7.285300000000000109e-02 -5.738900000000000112e+00
7.294799999999999895e-02 -5.877199999999999314e+00
7.304299999999999682e-02 -6.015299999999999869e+00
7.313799999999999468e-02 -6.153299999999999770e+00
7.323300000000000642e-02 -6.290999999999999481e+00
7.332700000000000329e-02 -6.428599999999999426e+00
7.342200000000000115e-02 -6.565900000000000070e+00
7.351699999999999902e-02 -6.703100000000000058e+00
7.361199999999999688e-02 -6.839999999999999858e+00
7.370699999999999474e-02 -6.976799999999999891e+00
7.380200000000000649e-02 -7.113299999999999734e+00
7.389700000000000435e-02 -7.249699999999999811e+00
7.399100000000000121e-02 -7.385799999999999699e+00
7.408599999999999908e-02 -7.521599999999999397e+00
7.418099999999999694e-02 -7.657299999999999329e+00
7.427599999999999481e-02 -7.792699999999999960e+00
7.437100000000000655e-02 -7.927899999999999281e+00
7.446600000000000441e-02 -8.062899999999999068e+00
7.456100000000000227e-02 -8.197599999999999554e+00
7.465499999999999914e-02 -8.332100000000000506e+00
7.474999999999999700e-02 -8.466300000000000381e+00
7.484499999999999487e-02 -8.600299999999998946e+00
7.494000000000000661e-02 -8.733999999999999986e+00
7.503500000000000447e-02 -8.867399999999999949e+00
7.513000000000000234e-02 -9.000600000000000378e+00
7.522500000000000020e-02 -9.133499999999999730e+00
7.531999999999999806e-02 -9.266199999999999548e+00
7.541399999999999493e-02 -9.398600000000000065e+00
7.550900000000000667e-02 -9.530699999999999505e+00
7.560400000000000453e-02 -9.662499999999999645e+00
7.569900000000000240e-02 -9.793999999999998707e+00
7.579400000000000026e-02 -9.925300000000000011e+00
7.588899999999999813e-02 -1.005599999999999916e+01
7.598399999999999599e-02 -1.018699999999999939e+01
7.607800000000000673e-02 -1.031700000000000017e+01
7.617300000000000459e-02 -1.044699999999999918e+01
7.626800000000000246e-02 -1.057699999999999996e+01
7.636300000000000032e-02 -1.070699999999999896e+01
7.645799999999999819e-02 -1.083600000000000030e+01
7.655299999999999605e-02 -1.096499999999999986e+01
7.664799999999999391e-02 -1.109299999999999997e+01
7.674200000000000466e-02 -1.122100000000000009e+01
7.683700000000000252e-02 -1.134900000000000020e+01
7.693200000000000038e-02 -1.147700000000000031e+01
7.702699999999999825e-02 -1.160399999999999920e+01
7.712199999999999611e-02 -1.173099999999999987e+01
7.721699999999999398e-02 -1.185699999999999932e+01
7.731200000000000572e-02 -1.198399999999999999e+01
7.740600000000000258e-02 -1.210999999999999943e+01
7.750100000000000044e-02 -1.223499999999999943e+01
7.759599999999999831e-02 -1.235999999999999943e+01
7.769099999999999617e-02 -1.248499999999999943e+01
7.778599999999999404e-02 -1.260999999999999943e+01
7.788100000000000578e-02 -1.273399999999999999e+01
7.797600000000000364e-02 -1.285799999999999876e+01
7.807000000000000051e-02 -1.298099999999999987e+01
7.816499999999999837e-02 -1.310399999999999920e+01
7.825999999999999623e-02 -1.322699999999999854e+01
7.835499999999999410e-02 -1.334999999999999964e+01
7.845000000000000584e-02 -1.347199999999999953e+01
7.854500000000000370e-02 -1.359299999999999997e+01
7.864000000000000157e-02 -1.371499999999999986e+01
7.873399999999999843e-02 -1.383499999999999908e+01
7.882899999999999630e-02 -1.395599999999999952e+01
7.892399999999999416e-02 -1.407599999999999874e+01
7.901900000000000590e-02 -1.419599999999999973e+01
7.911400000000000376e-02 -1.431499999999999950e+01
7.920900000000000163e-02 -1.443499999999999872e+01
7.930399999999999949e-02 -1.455299999999999905e+01
7.939899999999999736e-02 -1.467199999999999882e+01
7.949299999999999422e-02 -1.478899999999999970e+01
7.958800000000000596e-02 -1.490700000000000003e+01
7.968300000000000383e-02 -1.502399999999999913e+01
7.977800000000000169e-02 -1.514100000000000001e+01
7.987299999999999955e-02 -1.525699999999999967e+01
7.996799999999999742e-02 -1.537299999999999933e+01
8.006299999999999528e-02 -1.548899999999999899e+01
8.015700000000000602e-02 -1.560399999999999920e+01
8.025200000000000389e-02 -1.571899999999999942e+01
8.034700000000000175e-02 -1.583299999999999841e+01
8.044199999999999962e-02 -1.594699999999999918e+01
8.053699999999999748e-02 -1.606099999999999994e+01
8.063199999999999534e-02 -1.617399999999999949e+01
8.072699999999999321e-02 -1.628699999999999903e+01
8.082100000000000395e-02 -1.639900000000000091e+01
8.091600000000000181e-02 -1.651099999999999923e+01
8.101099999999999968e-02 -1.662299999999999756e+01
8.110599999999999754e-02 -1.673399999999999821e+01
8.120099999999999540e-02 -1.684499999999999886e+01
8.129599999999999327e-02 -1.695499999999999829e+01
8.139100000000000501e-02 -1.706499999999999773e+01
8.148500000000000187e-02 -1.717399999999999949e+01
8.157999999999999974e-02 -1.728399999999999892e+01
8.167499999999999760e-02 -1.739199999999999946e+01
8.176999999999999547e-02 -1.750099999999999767e+01
8.186499999999999333e-02 -1.760800000000000054e+01
8.196000000000000507e-02 -1.771599999999999753e+01
8.205500000000000294e-02 -1.782300000000000040e+01
8.214899999999999980e-02 -1.792999999999999972e+01
8.224399999999999766e-02 -1.803599999999999781e+01
8.233899999999999553e-02 -1.814199999999999946e+01
8.243399999999999339e-02 -1.824699999999999989e+01
8.252900000000000513e-02 -1.835200000000000031e+01
8.262400000000000300e-02 -1.845599999999999952e+01
8.271900000000000086e-02 -1.856099999999999994e+01
8.281399999999999872e-02 -1.866399999999999793e+01
8.290799999999999559e-02 -1.876800000000000068e+01
8.300299999999999345e-02 -1.886999999999999744e+01
8.309800000000000519e-02 -1.897299999999999898e+01
8.319300000000000306e-02 -1.907499999999999929e+01
8.328800000000000092e-02 -1.917699999999999960e+01
8.338299999999999879e-02 -1.927799999999999869e+01
8.347799999999999665e-02 -1.937800000000000011e+01
8.357199999999999351e-02 -1.947899999999999920e+01
8.366700000000000526e-02 -1.957900000000000063e+01
8.376200000000000312e-02 -1.967800000000000082e+01
8.385700000000000098e-02 -1.977699999999999747e+01
8.395199999999999885e-02 -1.987599999999999767e+01
8.404699999999999671e-02 -1.997400000000000020e+01
8.414199999999999458e-02 -2.007199999999999918e+01
8.423600000000000532e-02 -2.016900000000000048e+01
8.433100000000000318e-02 -2.026599999999999824e+01
8.442600000000000104e-02 -2.036299999999999955e+01
8.452099999999999891e-02 -2.045899999999999963e+01
8.461599999999999677e-02 -2.055499999999999972e+01
8.471099999999999464e-02 -2.064999999999999858e+01
8.480600000000000638e-02 -2.074499999999999744e+01
8.490000000000000324e-02 -2.083899999999999864e+01
8.499500000000000111e-02 -2.093299999999999983e+01
8.508999999999999897e-02 -2.102699999999999747e+01
8.518499999999999683e-02 -2.111999999999999744e+01
8.527999999999999470e-02 -2.121299999999999741e+01
8.537500000000000644e-02 -2.130499999999999972e+01
8.547000000000000430e-02 -2.139699999999999847e+01
8.556400000000000117e-02 -2.148900000000000077e+01
8.565899999999999903e-02 -2.157999999999999829e+01
8.575399999999999689e-02 -2.167099999999999937e+01
8.584899999999999476e-02 -2.176099999999999923e+01
8.594400000000000650e-02 -2.185099999999999909e+01
8.603900000000000436e-02 -2.193999999999999773e+01
8.613400000000000223e-02 -2.202899999999999991e+01
8.622900000000000009e-02 -2.211799999999999855e+01
8.632299999999999696e-02 -2.220599999999999952e+01
8.641799999999999482e-02 -2.229400000000000048e+01
8.651300000000000656e-02 -2.238100000000000023e+01
8.660800000000000443e-02 -2.246799999999999997e+01
8.670300000000000229e-02 -2.255399999999999849e+01
8.679800000000000015e-02 -2.264099999999999824e+01
8.689299999999999802e-02 -2.272599999999999909e+01
8.698699999999999488e-02 -2.281199999999999761e+01
8.708200000000000662e-02 -2.289599999999999724e+01
8.717700000000000449e-02 -2.298099999999999810e+01
8.727200000000000235e-02 -2.306499999999999773e+01
8.736700000000000021e-02 -2.314899999999999736e+01
8.746199999999999808e-02 -2.323199999999999932e+01
8.755699999999999594e-02 -2.331499999999999773e+01
8.765100000000000668e-02 -2.339699999999999847e+01
8.774600000000000455e-02 -2.347899999999999920e+01
8.784100000000000241e-02 -2.356099999999999994e+01
8.793600000000000028e-02 -2.364199999999999946e+01
8.803099999999999814e-02 -2.372299999999999898e+01
8.812599999999999600e-02 -2.380399999999999849e+01
8.822099999999999387e-02 -2.388400000000000034e+01
8.831500000000000461e-02 -2.396299999999999741e+01
8.841000000000000247e-02 -2.404299999999999926e+01
8.850500000000000034e-02 -2.412199999999999989e+01
8.859999999999999820e-02 -2.419999999999999929e+01
8.869499999999999607e-02 -2.427799999999999869e+01
8.878999999999999393e-02 -2.435599999999999810e+01
8.888500000000000567e-02 -2.443299999999999983e+01
8.897900000000000253e-02 -2.450999999999999801e+01
8.907400000000000040e-02 -2.458699999999999974e+01
8.916899999999999826e-02 -2.466300000000000026e+01
8.926399999999999613e-02 -2.473799999999999955e+01
8.935899999999999399e-02 -2.481400000000000006e+01
8.945400000000000573e-02 -2.488899999999999935e+01
8.954900000000000360e-02 -2.496299999999999741e+01
8.964300000000000046e-02 -2.503800000000000026e+01
8.973799999999999832e-02 -2.511099999999999710e+01
8.983299999999999619e-02 -2.518499999999999872e+01
8.992799999999999405e-02 -2.525799999999999912e+01
9.002300000000000579e-02 -2.533099999999999952e+01
9.011800000000000366e-02 -2.540299999999999869e+01
9.021300000000000152e-02 -2.547499999999999787e+01
9.030799999999999939e-02 -2.554599999999999937e+01
9.040199999999999625e-02 -2.561799999999999855e+01
9.049699999999999411e-02 -2.568799999999999883e+01
9.059200000000000585e-02 -2.575900000000000034e+01
9.068700000000000372e-02 -2.582899999999999707e+01
9.078200000000000158e-02 -2.589899999999999736e+01
9.087699999999999945e-02 -2.596799999999999997e+01
9.097199999999999731e-02 -2.603699999999999903e+01
9.106599999999999417e-02 -2.610599999999999810e+01
9.116100000000000592e-02 -2.617399999999999949e+01
9.125600000000000378e-02 -2.624199999999999733e+01
9.135100000000000164e-02 -2.630899999999999750e+01
9.144599999999999951e-02 -2.637699999999999889e+01
9.154099999999999737e-02 -2.644299999999999784e+01
9.163599999999999524e-02 -2.650999999999999801e+01
9.173000000000000598e-02 -2.657600000000000051e+01
9.182500000000000384e-02 -2.664199999999999946e+01
9.192000000000000171e-02 -2.670699999999999719e+01
9.201499999999999957e-02 -2.677199999999999847e+01
9.210999999999999743e-02 -2.683699999999999974e+01
9.220499999999999530e-02 -2.690099999999999980e+01
9.229999999999999316e-02 -2.696499999999999986e+01
9.239400000000000390e-02 -2.702899999999999991e+01
9.248900000000000177e-02 -2.709199999999999875e+01
9.258399999999999963e-02 -2.715499999999999758e+01
9.267899999999999749e-02 -2.721799999999999997e+01
9.277399999999999536e-02 -2.727999999999999758e+01
9.286899999999999322e-02 -2.734199999999999875e+01
9.296400000000000496e-02 -2.740399999999999991e+01
9.305800000000000183e-02 -2.746499999999999986e+01
9.315299999999999969e-02 -2.752599999999999980e+01
9.324799999999999756e-02 -2.758599999999999852e+01
9.334299999999999542e-02 -2.764699999999999847e+01
9.343799999999999328e-02 -2.770699999999999719e+01
9.353300000000000503e-02 -2.776599999999999824e+01
9.362800000000000289e-02 -2.782600000000000051e+01
9.372300000000000075e-02 -2.788499999999999801e+01
9.381699999999999762e-02 -2.794299999999999784e+01
9.391199999999999548e-02 -2.800099999999999767e+01
9.400699999999999334e-02 -2.805899999999999750e+01
9.410200000000000509e-02 -2.811699999999999733e+01
9.419700000000000295e-02 -2.817399999999999949e+01
9.429200000000000081e-02 -2.823099999999999810e+01
9.438699999999999868e-02 -2.828800000000000026e+01
9.448099999999999554e-02 -2.834499999999999886e+01
9.457599999999999341e-02 -2.840099999999999980e+01
9.467100000000000515e-02 -2.845599999999999952e+01
9.476600000000000301e-02 -2.851200000000000045e+01
9.486100000000000088e-02 -2.856700000000000017e+01
9.495599999999999874e-02 -2.862199999999999989e+01
9.505099999999999660e-02 -2.867599999999999838e+01
9.514499999999999347e-02 -2.873099999999999810e+01
9.524000000000000521e-02 -2.878399999999999892e+01
9.533500000000000307e-02 -2.883799999999999741e+01
9.543000000000000094e-02 -2.889099999999999824e+01
9.552499999999999880e-02 -2.894399999999999906e+01
9.561999999999999666e-02 -2.899699999999999989e+01
9.571499999999999453e-02 -2.904899999999999949e+01
9.580900000000000527e-02 -2.910200000000000031e+01
9.590400000000000313e-02 -2.915299999999999869e+01
9.599900000000000100e-02 -2.920499999999999829e+01
9.609399999999999886e-02 -2.925600000000000023e+01
9.618899999999999673e-02 -2.930699999999999861e+01
9.628399999999999459e-02 -2.935799999999999699e+01
9.637900000000000633e-02 -2.940799999999999770e+01
9.647300000000000320e-02 -2.945799999999999841e+01
9.656800000000000106e-02 -2.950799999999999912e+01
9.666299999999999892e-02 -2.955699999999999861e+01
9.675799999999999679e-02 -2.960699999999999932e+01
9.685299999999999465e-02 -2.965499999999999758e+01
9.694800000000000639e-02 -2.970399999999999707e+01
9.704300000000000426e-02 -2.975199999999999889e+01
9.713800000000000212e-02 -2.980099999999999838e+01
9.723199999999999898e-02 -2.984799999999999898e+01
9.732699999999999685e-02 -2.989599999999999724e+01
9.742199999999999471e-02 -2.994299999999999784e+01
9.751700000000000645e-02 -2.998999999999999844e+01
9.761200000000000432e-02 -3.003699999999999903e+01
9.770700000000000218e-02 -3.008299999999999841e+01
9.780200000000000005e-02 -3.012899999999999778e+01
9.789599999999999691e-02 -3.017499999999999716e+01
9.799099999999999477e-02 -3.022100000000000009e+01
9.808600000000000652e-02 -3.026599999999999824e+01
9.818100000000000438e-02 -3.031199999999999761e+01
9.827600000000000224e-02 -3.035599999999999810e+01
9.837100000000000011e-02 -3.040099999999999980e+01
9.846599999999999797e-02 -3.044500000000000028e+01
9.855999999999999484e-02 -3.048899999999999721e+01
9.865500000000000658e-02 -3.053299999999999770e+01
9.875000000000000444e-02 -3.057699999999999818e+01
9.884500000000000230e-02 -3.061999999999999744e+01
9.894000000000000017e-02 -3.066300000000000026e+01
9.903499999999999803e-02 -3.070599999999999952e+01
9.912999999999999590e-02 -3.074799999999999756e+01
9.922400000000000664e-02 -3.079100000000000037e+01
9.922400000000000664e-02 -3.079100000000000037e+01
9.931900000000000450e-02 -3.083299999999999841e+01
9.941400000000000237e-02 -3.087399999999999878e+01
9.950900000000000023e-02 -3.091600000000000037e+01
9.960399999999999809e-02 -3.095699999999999719e+01
9.969899999999999596e-02 -3.099799999999999756e+01
9.979399999999999382e-02 -3.103899999999999793e+01
9.988800000000000456e-02 -3.107999999999999829e+01
9.998300000000000243e-02 -3.111999999999999744e+01
1.000800000000000023e-01 -3.116000000000000014e+01
1.001699999999999952e-01 -3.119999999999999929e+01
1.002699999999999980e-01 -3.123999999999999844e+01
1.003600000000000048e-01 -3.127899999999999991e+01
1.004599999999999937e-01 -3.131799999999999784e+01
1.005500000000000005e-01 -3.135699999999999932e+01
1.006500000000000034e-01 -3.139599999999999724e+01
1.007399999999999962e-01 -3.143399999999999750e+01
1.008399999999999991e-01 -3.147299999999999898e+01
1.009300000000000058e-01 -3.151099999999999923e+01
1.010299999999999948e-01 -3.154799999999999827e+01
1.011200000000000015e-01 -3.158599999999999852e+01
1.012200000000000044e-01 -3.162299999999999756e+01
1.013099999999999973e-01 -3.166000000000000014e+01
1.014100000000000001e-01 -3.169699999999999918e+01
1.015000000000000069e-01 -3.173399999999999821e+01
1.015999999999999959e-01 -3.176999999999999957e+01
1.016900000000000026e-01 -3.180599999999999739e+01
1.017900000000000055e-01 -3.184199999999999875e+01
1.018799999999999983e-01 -3.187800000000000011e+01
1.019800000000000012e-01 -3.191399999999999793e+01
1.020699999999999941e-01 -3.194899999999999807e+01
1.021699999999999969e-01 -3.198399999999999821e+01
1.022600000000000037e-01 -3.201899999999999835e+01
1.023499999999999965e-01 -3.205400000000000205e+01
1.024499999999999994e-01 -3.208800000000000097e+01
1.025400000000000061e-01 -3.212299999999999756e+01
1.026399999999999951e-01 -3.215699999999999648e+01
1.027300000000000019e-01 -3.219099999999999540e+01
1.028300000000000047e-01 -3.222399999999999665e+01
1.029199999999999976e-01 -3.225799999999999557e+01
1.030200000000000005e-01 -3.229099999999999682e+01
1.031099999999999933e-01 -3.232399999999999807e+01
1.032099999999999962e-01 -3.235699999999999932e+01
1.033000000000000029e-01 -3.239000000000000057e+01
1.034000000000000058e-01 -3.242199999999999704e+01
1.034899999999999987e-01 -3.245400000000000063e+01
1.035900000000000015e-01 -3.248599999999999710e+01
1.036799999999999944e-01 -3.251800000000000068e+01
1.037799999999999973e-01 -3.254999999999999716e+01
1.038700000000000040e-01 -3.258099999999999596e+01
1.039700000000000069e-01 -3.261299999999999955e+01
1.040599999999999997e-01 -3.264399999999999835e+01
1.041600000000000026e-01 -3.267499999999999716e+01
1.042499999999999954e-01 -3.270499999999999829e+01
1.043499999999999983e-01 -3.273599999999999710e+01
1.044400000000000051e-01 -3.276599999999999824e+01
1.045399999999999940e-01 -3.279599999999999937e+01
1.046300000000000008e-01 -3.282600000000000051e+01
1.047300000000000036e-01 -3.285600000000000165e+01
1.048199999999999965e-01 -3.288599999999999568e+01
1.049199999999999994e-01 -3.291499999999999915e+01
1.050100000000000061e-01 -3.294399999999999551e+01
1.051099999999999951e-01 -3.297299999999999898e+01
1.052000000000000018e-01 -3.300199999999999534e+01
1.053000000000000047e-01 -3.303099999999999881e+01
1.053899999999999976e-01 -3.305899999999999750e+01
1.054900000000000004e-01 -3.308800000000000097e+01
1.055799999999999933e-01 -3.311599999999999966e+01
1.056700000000000000e-01 -3.314399999999999835e+01
1.057700000000000029e-01 -3.317199999999999704e+01
1.058599999999999958e-01 -3.319899999999999807e+01
1.059599999999999986e-01 -3.322699999999999676e+01
1.060500000000000054e-01 -3.325399999999999778e+01
1.061499999999999944e-01 -3.328099999999999881e+01
1.062400000000000011e-01 -3.330799999999999983e+01
1.063400000000000040e-01 -3.333500000000000085e+01
1.064299999999999968e-01 -3.336099999999999710e+01
1.065299999999999997e-01 -3.338799999999999812e+01
1.066200000000000064e-01 -3.341400000000000148e+01
1.067199999999999954e-01 -3.343999999999999773e+01
1.068100000000000022e-01 -3.346600000000000108e+01
1.069100000000000050e-01 -3.349199999999999733e+01
1.069999999999999979e-01 -3.351699999999999591e+01
1.071000000000000008e-01 -3.354299999999999926e+01
1.071899999999999936e-01 -3.356799999999999784e+01
1.072899999999999965e-01 -3.359299999999999642e+01
1.073800000000000032e-01 -3.361799999999999500e+01
1.074800000000000061e-01 -3.364300000000000068e+01
1.075699999999999990e-01 -3.366700000000000159e+01
1.076700000000000018e-01 -3.369200000000000017e+01
1.077599999999999947e-01 -3.371600000000000108e+01
1.078599999999999975e-01 -3.374000000000000199e+01
1.079500000000000043e-01 -3.376399999999999579e+01
1.080499999999999933e-01 -3.378799999999999670e+01
1.081400000000000000e-01 -3.381199999999999761e+01
1.082400000000000029e-01 -3.383500000000000085e+01
1.083299999999999957e-01 -3.385900000000000176e+01
1.084299999999999986e-01 -3.388199999999999790e+01
1.085200000000000053e-01 -3.390500000000000114e+01
1.086199999999999943e-01 -3.392799999999999727e+01
1.087100000000000011e-01 -3.395100000000000051e+01
1.088100000000000039e-01 -3.397299999999999898e+01
1.088999999999999968e-01 -3.399599999999999511e+01
1.089999999999999997e-01 -3.401800000000000068e+01
1.090900000000000064e-01 -3.403999999999999915e+01
1.091799999999999993e-01 -3.406199999999999761e+01
1.092800000000000021e-01 -3.408399999999999608e+01
1.093699999999999950e-01 -3.410600000000000165e+01
1.094699999999999979e-01 -3.412800000000000011e+01
1.095600000000000046e-01 -3.414900000000000091e+01
1.096599999999999936e-01 -3.417000000000000171e+01
1.097500000000000003e-01 -3.419200000000000017e+01
1.098500000000000032e-01 -3.421300000000000097e+01
1.099399999999999961e-01 -3.423400000000000176e+01
1.100399999999999989e-01 -3.425399999999999778e+01
1.101300000000000057e-01 -3.427499999999999858e+01
1.102299999999999947e-01 -3.429500000000000171e+01
1.103200000000000014e-01 -3.431599999999999540e+01
1.104200000000000043e-01 -3.433599999999999852e+01
1.105099999999999971e-01 -3.435600000000000165e+01
1.106100000000000000e-01 -3.437599999999999767e+01
1.107000000000000067e-01 -3.439600000000000080e+01
1.107999999999999957e-01 -3.441499999999999915e+01
1.108900000000000025e-01 -3.443499999999999517e+01
1.109900000000000053e-01 -3.445400000000000063e+01
1.110799999999999982e-01 -3.447299999999999898e+01
1.111800000000000010e-01 -3.449299999999999500e+01
1.112699999999999939e-01 -3.451200000000000045e+01
1.113699999999999968e-01 -3.453000000000000114e+01
1.114600000000000035e-01 -3.454899999999999949e+01
1.115600000000000064e-01 -3.456799999999999784e+01
1.116499999999999992e-01 -3.458599999999999852e+01
1.117500000000000021e-01 -3.460499999999999687e+01
1.118399999999999950e-01 -3.462299999999999756e+01
1.119399999999999978e-01 -3.464099999999999824e+01
1.120300000000000046e-01 -3.465899999999999892e+01
1.121299999999999936e-01 -3.467699999999999960e+01
1.122200000000000003e-01 -3.469399999999999551e+01
1.123200000000000032e-01 -3.471199999999999619e+01
1.124099999999999960e-01 -3.472899999999999920e+01
1.125000000000000028e-01 -3.474699999999999989e+01
1.126000000000000056e-01 -3.476399999999999579e+01
1.126899999999999985e-01 -3.478099999999999881e+01
1.127900000000000014e-01 -3.479800000000000182e+01
1.128799999999999942e-01 -3.481499999999999773e+01
1.129799999999999971e-01 -3.483200000000000074e+01
1.130700000000000038e-01 -3.484799999999999898e+01
1.131700000000000067e-01 -3.486499999999999488e+01
1.132599999999999996e-01 -3.488100000000000023e+01
1.133600000000000024e-01 -3.489699999999999847e+01
1.134499999999999953e-01 -3.491299999999999670e+01
1.135499999999999982e-01 -3.492899999999999494e+01
1.136400000000000049e-01 -3.494500000000000028e+01
1.137399999999999939e-01 -3.496099999999999852e+01
1.138300000000000006e-01 -3.497699999999999676e+01
1.139300000000000035e-01 -3.499199999999999733e+01
1.140199999999999964e-01 -3.500799999999999557e+01
1.141199999999999992e-01 -3.502299999999999613e+01
1.142100000000000060e-01 -3.503799999999999670e+01
1.143099999999999949e-01 -3.505299999999999727e+01
1.144000000000000017e-01 -3.506799999999999784e+01
1.145000000000000046e-01 -3.508299999999999841e+01
1.145899999999999974e-01 -3.509799999999999898e+01
1.146900000000000003e-01 -3.511200000000000188e+01
1.147799999999999931e-01 -3.512699999999999534e+01
1.148799999999999960e-01 -3.514099999999999824e+01
1.149700000000000027e-01 -3.515599999999999881e+01
1.150700000000000056e-01 -3.517000000000000171e+01
1.151599999999999985e-01 -3.518399999999999750e+01
1.152600000000000013e-01 -3.519800000000000040e+01
1.153499999999999942e-01 -3.521199999999999619e+01
1.154499999999999971e-01 -3.522500000000000142e+01
1.155400000000000038e-01 -3.523899999999999721e+01
1.156400000000000067e-01 -3.525199999999999534e+01
1.157299999999999995e-01 -3.526599999999999824e+01
1.158300000000000024e-01 -3.527899999999999636e+01
1.159199999999999953e-01 -3.529200000000000159e+01
1.160100000000000020e-01 -3.530599999999999739e+01
1.161100000000000049e-01 -3.531899999999999551e+01
1.161999999999999977e-01 -3.533099999999999596e+01
1.163000000000000006e-01 -3.534400000000000119e+01
1.163899999999999935e-01 -3.535699999999999932e+01
1.164899999999999963e-01 -3.536899999999999977e+01
1.165800000000000031e-01 -3.538199999999999790e+01
1.166800000000000059e-01 -3.539399999999999835e+01
1.167699999999999988e-01 -3.540699999999999648e+01
1.168700000000000017e-01 -3.541899999999999693e+01
1.169599999999999945e-01 -3.543099999999999739e+01
1.170599999999999974e-01 -3.544299999999999784e+01
1.171500000000000041e-01 -3.545499999999999829e+01
1.172499999999999931e-01 -3.546600000000000108e+01
1.173399999999999999e-01 -3.547800000000000153e+01
1.174400000000000027e-01 -3.548999999999999488e+01
1.175299999999999956e-01 -3.550099999999999767e+01
1.176299999999999985e-01 -3.551200000000000045e+01
1.177200000000000052e-01 -3.552400000000000091e+01
1.178199999999999942e-01 -3.553499999999999659e+01
1.179100000000000009e-01 -3.554599999999999937e+01
1.180100000000000038e-01 -3.555699999999999505e+01
1.180999999999999966e-01 -3.556799999999999784e+01
1.181999999999999995e-01 -3.557799999999999585e+01
1.182900000000000063e-01 -3.558899999999999864e+01
1.183899999999999952e-01 -3.560000000000000142e+01
1.184800000000000020e-01 -3.560999999999999943e+01
1.185800000000000048e-01 -3.561999999999999744e+01
1.186699999999999977e-01 -3.563100000000000023e+01
1.187700000000000006e-01 -3.564099999999999824e+01
1.188599999999999934e-01 -3.565099999999999625e+01
1.189599999999999963e-01 -3.566100000000000136e+01
1.190500000000000030e-01 -3.567099999999999937e+01
1.191500000000000059e-01 -3.568099999999999739e+01
1.192399999999999988e-01 -3.568999999999999773e+01
1.193300000000000055e-01 -3.569999999999999574e+01
1.194299999999999945e-01 -3.570899999999999608e+01
1.195200000000000012e-01 -3.571900000000000119e+01
1.196200000000000041e-01 -3.572800000000000153e+01
1.197099999999999970e-01 -3.573700000000000188e+01
1.198099999999999998e-01 -3.574699999999999989e+01
1.199000000000000066e-01 -3.575600000000000023e+01
1.199999999999999956e-01 -3.576500000000000057e+01
1.200900000000000023e-01 -3.577400000000000091e+01
1.201900000000000052e-01 -3.578199999999999648e+01
1.202799999999999980e-01 -3.579099999999999682e+01
1.203800000000000009e-01 -3.579999999999999716e+01
1.204699999999999938e-01 -3.580799999999999983e+01
1.205699999999999966e-01 -3.581700000000000017e+01
1.206600000000000034e-01 -3.582499999999999574e+01
1.207600000000000062e-01 -3.583299999999999841e+01
1.208499999999999991e-01 -3.584100000000000108e+01
1.209500000000000020e-01 -3.584899999999999665e+01
1.210399999999999948e-01 -3.585699999999999932e+01
1.211399999999999977e-01 -3.586499999999999488e+01
1.212300000000000044e-01 -3.587299999999999756e+01
1.213299999999999934e-01 -3.588100000000000023e+01
1.214200000000000002e-01 -3.588799999999999812e+01
1.215200000000000030e-01 -3.589600000000000080e+01
1.216099999999999959e-01 -3.590299999999999869e+01
1.217099999999999987e-01 -3.591100000000000136e+01
1.218000000000000055e-01 -3.591799999999999926e+01
1.218999999999999945e-01 -3.592499999999999716e+01
1.219900000000000012e-01 -3.593199999999999505e+01
1.220900000000000041e-01 -3.593900000000000006e+01
1.221799999999999969e-01 -3.594599999999999795e+01
1.222799999999999998e-01 -3.595299999999999585e+01
1.223700000000000065e-01 -3.596000000000000085e+01
1.224699999999999955e-01 -3.596600000000000108e+01
1.225600000000000023e-01 -3.597299999999999898e+01
1.226600000000000051e-01 -3.597899999999999920e+01
1.227499999999999980e-01 -3.598599999999999710e+01
1.228400000000000047e-01 -3.599199999999999733e+01
1.229399999999999937e-01 -3.599799999999999756e+01
1.230300000000000005e-01 -3.600399999999999778e+01
1.231300000000000033e-01 -3.600999999999999801e+01
1.232199999999999962e-01 -3.601599999999999824e+01
1.233199999999999991e-01 -3.602199999999999847e+01
1.234100000000000058e-01 -3.602799999999999869e+01
1.235099999999999948e-01 -3.603399999999999892e+01
1.236000000000000015e-01 -3.603900000000000148e+01
1.237000000000000044e-01 -3.604500000000000171e+01
1.237899999999999973e-01 -3.604999999999999716e+01
1.238900000000000001e-01 -3.605599999999999739e+01
1.239800000000000069e-01 -3.606099999999999994e+01
1.240799999999999959e-01 -3.606599999999999540e+01
1.241700000000000026e-01 -3.607199999999999562e+01
1.242700000000000055e-01 -3.607699999999999818e+01
1.243599999999999983e-01 -3.608200000000000074e+01
1.244600000000000012e-01 -3.608599999999999852e+01
1.245499999999999940e-01 -3.609100000000000108e+01
1.246499999999999969e-01 -3.609599999999999653e+01
1.247400000000000037e-01 -3.610099999999999909e+01
1.248400000000000065e-01 -3.610499999999999687e+01
1.249299999999999994e-01 -3.610999999999999943e+01
1.250300000000000022e-01 -3.611399999999999721e+01
1.251200000000000090e-01 -3.611799999999999500e+01
1.252199999999999980e-01 -3.612299999999999756e+01
1.253100000000000047e-01 -3.612699999999999534e+01
1.254099999999999937e-01 -3.613100000000000023e+01
1.255000000000000004e-01 -3.613499999999999801e+01
1.255999999999999894e-01 -3.613899999999999579e+01
1.256899999999999962e-01 -3.614300000000000068e+01
1.257900000000000129e-01 -3.614600000000000080e+01
1.258799999999999919e-01 -3.614999999999999858e+01
1.259800000000000086e-01 -3.615399999999999636e+01
1.260699999999999876e-01 -3.615699999999999648e+01
1.261599999999999944e-01 -3.615999999999999659e+01
1.262600000000000111e-01 -3.616400000000000148e+01
1.263499999999999901e-01 -3.616700000000000159e+01
1.264500000000000068e-01 -3.617000000000000171e+01
1.265400000000000136e-01 -3.617300000000000182e+01
1.266400000000000026e-01 -3.617599999999999483e+01
1.267300000000000093e-01 -3.617899999999999494e+01
1.268299999999999983e-01 -3.618199999999999505e+01
1.269200000000000050e-01 -3.618499999999999517e+01
1.270199999999999940e-01 -3.618799999999999528e+01
1.271100000000000008e-01 -3.618999999999999773e+01
1.272099999999999898e-01 -3.619299999999999784e+01
1.272999999999999965e-01 -3.619500000000000028e+01
1.274000000000000132e-01 -3.619800000000000040e+01
1.274899999999999922e-01 -3.619999999999999574e+01
1.275900000000000090e-01 -3.620199999999999818e+01
1.276799999999999879e-01 -3.620400000000000063e+01
1.277800000000000047e-01 -3.620599999999999596e+01
1.278700000000000114e-01 -3.620799999999999841e+01
1.279700000000000004e-01 -3.621000000000000085e+01
1.280600000000000072e-01 -3.621199999999999619e+01
1.281599999999999961e-01 -3.621399999999999864e+01
1.282500000000000029e-01 -3.621499999999999631e+01
1.283499999999999919e-01 -3.621699999999999875e+01
1.284399999999999986e-01 -3.621799999999999642e+01
1.285399999999999876e-01 -3.621999999999999886e+01
1.286299999999999943e-01 -3.622099999999999653e+01
1.287300000000000111e-01 -3.622200000000000131e+01
1.288199999999999901e-01 -3.622399999999999665e+01
1.289200000000000068e-01 -3.622500000000000142e+01
1.290100000000000136e-01 -3.622599999999999909e+01
1.291100000000000025e-01 -3.622699999999999676e+01
1.292000000000000093e-01 -3.622800000000000153e+01
1.292999999999999983e-01 -3.622800000000000153e+01
1.293900000000000050e-01 -3.622899999999999920e+01
1.294899999999999940e-01 -3.622999999999999687e+01
1.295800000000000007e-01 -3.622999999999999687e+01
1.296700000000000075e-01 -3.623100000000000165e+01
1.297699999999999965e-01 -3.623100000000000165e+01
1.298600000000000032e-01 -3.623100000000000165e+01
1.299599999999999922e-01 -3.623199999999999932e+01
1.300499999999999989e-01 -3.623199999999999932e+01
1.301499999999999879e-01 -3.623199999999999932e+01
1.302399999999999947e-01 -3.623199999999999932e+01
1.303400000000000114e-01 -3.623199999999999932e+01
1.304299999999999904e-01 -3.623199999999999932e+01
1.305300000000000071e-01 -3.623100000000000165e+01
1.306200000000000139e-01 -3.623100000000000165e+01
1.307200000000000029e-01 -3.623100000000000165e+01
1.308100000000000096e-01 -3.622999999999999687e+01
1.309099999999999986e-01 -3.622899999999999920e+01
1.310000000000000053e-01 -3.622899999999999920e+01
1.310999999999999943e-01 -3.622800000000000153e+01
1.311900000000000011e-01 -3.622699999999999676e+01
1.312899999999999900e-01 -3.622599999999999909e+01
1.313799999999999968e-01 -3.622500000000000142e+01
1.314800000000000135e-01 -3.622399999999999665e+01
1.315699999999999925e-01 -3.622299999999999898e+01
1.316700000000000093e-01 -3.622200000000000131e+01
1.317599999999999882e-01 -3.622099999999999653e+01
1.318600000000000050e-01 -3.621900000000000119e+01
1.319500000000000117e-01 -3.621799999999999642e+01
1.320500000000000007e-01 -3.621600000000000108e+01
1.321400000000000075e-01 -3.621499999999999631e+01
1.322399999999999964e-01 -3.621300000000000097e+01
1.323300000000000032e-01 -3.621099999999999852e+01
1.324299999999999922e-01 -3.620899999999999608e+01
1.325199999999999989e-01 -3.620700000000000074e+01
1.326199999999999879e-01 -3.620499999999999829e+01
1.327099999999999946e-01 -3.620299999999999585e+01
1.328100000000000114e-01 -3.620100000000000051e+01
1.328999999999999904e-01 -3.619899999999999807e+01
1.329899999999999971e-01 -3.619699999999999562e+01
1.330900000000000138e-01 -3.619399999999999551e+01
1.331799999999999928e-01 -3.619200000000000017e+01
1.332800000000000096e-01 -3.618900000000000006e+01
1.333699999999999886e-01 -3.618599999999999994e+01
1.334700000000000053e-01 -3.618399999999999750e+01
1.335600000000000120e-01 -3.618099999999999739e+01
1.336600000000000010e-01 -3.617799999999999727e+01
1.337500000000000078e-01 -3.617499999999999716e+01
1.338499999999999968e-01 -3.617199999999999704e+01
1.339400000000000035e-01 -3.616899999999999693e+01
1.340399999999999925e-01 -3.616499999999999915e+01
1.341299999999999992e-01 -3.616199999999999903e+01
1.342299999999999882e-01 -3.615800000000000125e+01
1.343199999999999950e-01 -3.615500000000000114e+01
1.344200000000000117e-01 -3.615099999999999625e+01
1.345099999999999907e-01 -3.614799999999999613e+01
1.346100000000000074e-01 -3.614399999999999835e+01
1.346999999999999864e-01 -3.614000000000000057e+01
1.348000000000000032e-01 -3.613599999999999568e+01
1.348900000000000099e-01 -3.613199999999999790e+01
1.349899999999999989e-01 -3.612800000000000011e+01
1.350800000000000056e-01 -3.612399999999999523e+01
1.351799999999999946e-01 -3.611999999999999744e+01
1.352700000000000014e-01 -3.611499999999999488e+01
1.353699999999999903e-01 -3.611099999999999710e+01
1.354599999999999971e-01 -3.610600000000000165e+01
1.355600000000000138e-01 -3.610199999999999676e+01
1.356499999999999928e-01 -3.609700000000000131e+01
1.357500000000000095e-01 -3.609199999999999875e+01
1.358399999999999885e-01 -3.608699999999999619e+01
1.359400000000000053e-01 -3.608200000000000074e+01
1.360300000000000120e-01 -3.607699999999999818e+01
1.361300000000000010e-01 -3.607199999999999562e+01
1.362200000000000077e-01 -3.606700000000000017e+01
1.363199999999999967e-01 -3.606199999999999761e+01
1.364100000000000035e-01 -3.605599999999999739e+01
1.365000000000000102e-01 -3.605099999999999483e+01
1.365999999999999992e-01 -3.604500000000000171e+01
1.366900000000000059e-01 -3.603999999999999915e+01
1.367899999999999949e-01 -3.603399999999999892e+01
1.368800000000000017e-01 -3.602799999999999869e+01
1.369799999999999907e-01 -3.602199999999999847e+01
1.370699999999999974e-01 -3.601599999999999824e+01
1.371699999999999864e-01 -3.600999999999999801e+01
1.372599999999999931e-01 -3.600399999999999778e+01
1.373600000000000099e-01 -3.599799999999999756e+01
1.374499999999999889e-01 -3.599099999999999966e+01
1.375500000000000056e-01 -3.598499999999999943e+01
1.376400000000000123e-01 -3.597800000000000153e+01
1.377400000000000013e-01 -3.597200000000000131e+01
1.378300000000000081e-01 -3.596499999999999631e+01
1.379299999999999971e-01 -3.595799999999999841e+01
1.380200000000000038e-01 -3.595100000000000051e+01
1.381199999999999928e-01 -3.594399999999999551e+01
1.382099999999999995e-01 -3.593699999999999761e+01
1.383099999999999885e-01 -3.592999999999999972e+01
1.383999999999999952e-01 -3.592300000000000182e+01
1.385000000000000120e-01 -3.591499999999999915e+01
1.385899999999999910e-01 -3.590800000000000125e+01
1.386900000000000077e-01 -3.589999999999999858e+01
1.387799999999999867e-01 -3.589300000000000068e+01
1.388800000000000034e-01 -3.588499999999999801e+01
1.389700000000000102e-01 -3.587699999999999534e+01
1.390699999999999992e-01 -3.586899999999999977e+01
1.391600000000000059e-01 -3.586099999999999710e+01
1.392599999999999949e-01 -3.585300000000000153e+01
1.393500000000000016e-01 -3.584499999999999886e+01
1.394499999999999906e-01 -3.583599999999999852e+01
1.395399999999999974e-01 -3.582799999999999585e+01
1.396399999999999864e-01 -3.582000000000000028e+01
1.397299999999999931e-01 -3.581099999999999994e+01
1.398199999999999998e-01 -3.580199999999999960e+01
1.399199999999999888e-01 -3.579299999999999926e+01
1.400099999999999956e-01 -3.578499999999999659e+01
1.401100000000000123e-01 -3.577599999999999625e+01
1.401999999999999913e-01 -3.576599999999999824e+01
1.403000000000000080e-01 -3.575699999999999790e+01
1.403899999999999870e-01 -3.574799999999999756e+01
1.404900000000000038e-01 -3.573899999999999721e+01
1.405800000000000105e-01 -3.572899999999999920e+01
1.406799999999999995e-01 -3.571999999999999886e+01
1.407700000000000062e-01 -3.571000000000000085e+01
1.408699999999999952e-01 -3.569999999999999574e+01
1.409600000000000020e-01 -3.568999999999999773e+01
1.410599999999999909e-01 -3.567999999999999972e+01
1.411499999999999977e-01 -3.567000000000000171e+01
1.412499999999999867e-01 -3.565999999999999659e+01
1.413399999999999934e-01 -3.564999999999999858e+01
1.414400000000000102e-01 -3.563899999999999579e+01
1.415299999999999891e-01 -3.562899999999999778e+01
1.416300000000000059e-01 -3.561799999999999500e+01
1.417200000000000126e-01 -3.560699999999999932e+01
1.418200000000000016e-01 -3.559700000000000131e+01
1.419100000000000084e-01 -3.558599999999999852e+01
1.420099999999999973e-01 -3.557499999999999574e+01
1.421000000000000041e-01 -3.556400000000000006e+01
1.421999999999999931e-01 -3.555199999999999960e+01
1.422899999999999998e-01 -3.554099999999999682e+01
1.423899999999999888e-01 -3.553000000000000114e+01
1.424799999999999955e-01 -3.551800000000000068e+01
1.425800000000000123e-01 -3.550600000000000023e+01
1.426699999999999913e-01 -3.549499999999999744e+01
1.427700000000000080e-01 -3.548299999999999699e+01
1.428599999999999870e-01 -3.547099999999999653e+01
1.429600000000000037e-01 -3.545899999999999608e+01
1.430500000000000105e-01 -3.544599999999999795e+01
1.431499999999999995e-01 -3.543399999999999750e+01
1.432400000000000062e-01 -3.542199999999999704e+01
1.433300000000000129e-01 -3.540899999999999892e+01
1.434300000000000019e-01 -3.539699999999999847e+01
1.435200000000000087e-01 -3.538400000000000034e+01
1.436199999999999977e-01 -3.537099999999999511e+01
1.437100000000000044e-01 -3.535799999999999699e+01
1.438099999999999934e-01 -3.534499999999999886e+01
1.439000000000000001e-01 -3.533200000000000074e+01
1.439999999999999891e-01 -3.531799999999999784e+01
1.440899999999999959e-01 -3.530499999999999972e+01
1.441900000000000126e-01 -3.529099999999999682e+01
1.442799999999999916e-01 -3.527799999999999869e+01
1.443800000000000083e-01 -3.526399999999999579e+01
1.444699999999999873e-01 -3.525000000000000000e+01
1.445700000000000041e-01 -3.523599999999999710e+01
1.446600000000000108e-01 -3.522200000000000131e+01
1.447599999999999998e-01 -3.520799999999999841e+01
1.448500000000000065e-01 -3.519299999999999784e+01
1.449499999999999955e-01 -3.517899999999999494e+01
1.450400000000000023e-01 -3.516400000000000148e+01
1.451399999999999912e-01 -3.514900000000000091e+01
1.452299999999999980e-01 -3.513499999999999801e+01
1.453299999999999870e-01 -3.511999999999999744e+01
1.454199999999999937e-01 -3.510499999999999687e+01
1.455200000000000105e-01 -3.508899999999999864e+01
1.456099999999999894e-01 -3.507399999999999807e+01
1.457100000000000062e-01 -3.505899999999999750e+01
1.458000000000000129e-01 -3.504299999999999926e+01
1.459000000000000019e-01 -3.502700000000000102e+01
1.459900000000000087e-01 -3.501200000000000045e+01
1.460899999999999976e-01 -3.499599999999999511e+01
1.461800000000000044e-01 -3.497999999999999687e+01
1.462799999999999934e-01 -3.496300000000000097e+01
1.463700000000000001e-01 -3.494699999999999562e+01
1.464699999999999891e-01 -3.493099999999999739e+01
1.465599999999999958e-01 -3.491400000000000148e+01
1.466500000000000026e-01 -3.489699999999999847e+01
1.467499999999999916e-01 -3.487999999999999545e+01
1.468399999999999983e-01 -3.486299999999999955e+01
1.469399999999999873e-01 -3.484599999999999653e+01
1.470299999999999940e-01 -3.482900000000000063e+01
1.471300000000000108e-01 -3.481199999999999761e+01
1.472199999999999898e-01 -3.479399999999999693e+01
1.473200000000000065e-01 -3.477700000000000102e+01
1.474100000000000132e-01 -3.475900000000000034e+01
1.475100000000000022e-01 -3.474099999999999966e+01
1.476000000000000090e-01 -3.472299999999999898e+01
1.476999999999999980e-01 -3.470499999999999829e+01
1.477900000000000047e-01 -3.468699999999999761e+01
1.478899999999999937e-01 -3.466799999999999926e+01
1.479800000000000004e-01 -3.464999999999999858e+01
1.480799999999999894e-01 -3.463100000000000023e+01
1.481699999999999962e-01 -3.461200000000000188e+01
1.482700000000000129e-01 -3.459299999999999642e+01
1.483599999999999919e-01 -3.457399999999999807e+01
1.484600000000000086e-01 -3.455499999999999972e+01
1.485499999999999876e-01 -3.453499999999999659e+01
1.486500000000000044e-01 -3.451599999999999824e+01
1.487400000000000111e-01 -3.449599999999999511e+01
1.488400000000000001e-01 -3.447599999999999909e+01
1.489300000000000068e-01 -3.445599999999999596e+01
1.490299999999999958e-01 -3.443599999999999994e+01
1.491200000000000025e-01 -3.441599999999999682e+01
1.492199999999999915e-01 -3.439600000000000080e+01
1.493099999999999983e-01 -3.437500000000000000e+01
1.494099999999999873e-01 -3.435399999999999920e+01
1.494999999999999940e-01 -3.433399999999999608e+01
1.496000000000000107e-01 -3.431299999999999528e+01
1.496899999999999897e-01 -3.429099999999999682e+01
1.497900000000000065e-01 -3.426999999999999602e+01
1.498800000000000132e-01 -3.424899999999999523e+01
1.499699999999999922e-01 -3.422699999999999676e+01
1.500700000000000089e-01 -3.420599999999999596e+01
1.501599999999999879e-01 -3.418399999999999750e+01
1.502600000000000047e-01 -3.416199999999999903e+01
1.503500000000000114e-01 -3.413899999999999579e+01
1.504500000000000004e-01 -3.411699999999999733e+01
1.505400000000000071e-01 -3.409499999999999886e+01
1.506399999999999961e-01 -3.407199999999999562e+01
1.507300000000000029e-01 -3.404899999999999949e+01
1.508299999999999919e-01 -3.402599999999999625e+01
1.509199999999999986e-01 -3.400300000000000011e+01
1.510199999999999876e-01 -3.397999999999999687e+01
1.511099999999999943e-01 -3.395599999999999596e+01
1.512100000000000111e-01 -3.393299999999999983e+01
1.512999999999999901e-01 -3.390899999999999892e+01
1.514000000000000068e-01 -3.388499999999999801e+01
1.514900000000000135e-01 -3.386099999999999710e+01
1.515900000000000025e-01 -3.383699999999999619e+01
1.516800000000000093e-01 -3.381299999999999528e+01
1.517799999999999983e-01 -3.378799999999999670e+01
1.518700000000000050e-01 -3.376299999999999812e+01
1.519699999999999940e-01 -3.373799999999999955e+01
1.520600000000000007e-01 -3.371300000000000097e+01
1.521599999999999897e-01 -3.368799999999999528e+01
1.522499999999999964e-01 -3.366299999999999670e+01
1.523500000000000132e-01 -3.363700000000000045e+01
1.524399999999999922e-01 -3.361200000000000188e+01
1.525400000000000089e-01 -3.358599999999999852e+01
1.526299999999999879e-01 -3.355999999999999517e+01
1.527300000000000046e-01 -3.353300000000000125e+01
1.528200000000000114e-01 -3.350699999999999790e+01
1.529200000000000004e-01 -3.348100000000000165e+01
1.530100000000000071e-01 -3.345400000000000063e+01
1.531099999999999961e-01 -3.342699999999999960e+01
1.532000000000000028e-01 -3.339999999999999858e+01
1.532999999999999918e-01 -3.337299999999999756e+01
1.533899999999999986e-01 -3.334499999999999886e+01
1.534800000000000053e-01 -3.331700000000000017e+01
1.535799999999999943e-01 -3.328999999999999915e+01
1.536700000000000010e-01 -3.326200000000000045e+01
1.537699999999999900e-01 -3.323400000000000176e+01
1.538599999999999968e-01 -3.320499999999999829e+01
1.539600000000000135e-01 -3.317699999999999960e+01
1.540499999999999925e-01 -3.314799999999999613e+01
1.541500000000000092e-01 -3.311899999999999977e+01
1.542399999999999882e-01 -3.308999999999999631e+01
1.543400000000000050e-01 -3.306099999999999994e+01
1.544300000000000117e-01 -3.303099999999999881e+01
1.545300000000000007e-01 -3.300199999999999534e+01
1.546200000000000074e-01 -3.297200000000000131e+01
1.547199999999999964e-01 -3.294200000000000017e+01
1.548100000000000032e-01 -3.291199999999999903e+01
1.549099999999999921e-01 -3.288199999999999790e+01
1.549999999999999989e-01 -3.285099999999999909e+01
1.550999999999999879e-01 -3.282000000000000028e+01
1.551899999999999946e-01 -3.278900000000000148e+01
1.552900000000000114e-01 -3.275799999999999557e+01
1.553799999999999903e-01 -3.272699999999999676e+01
1.554800000000000071e-01 -3.269500000000000028e+01
1.555700000000000138e-01 -3.266400000000000148e+01
1.556700000000000028e-01 -3.263199999999999790e+01
1.557600000000000096e-01 -3.260000000000000142e+01
1.558599999999999985e-01 -3.256700000000000017e+01
1.559500000000000053e-01 -3.253499999999999659e+01
1.560499999999999943e-01 -3.250199999999999534e+01
1.561400000000000010e-01 -3.246900000000000119e+01
1.562399999999999900e-01 -3.243599999999999994e+01
1.563299999999999967e-01 -3.240299999999999869e+01
1.564300000000000135e-01 -3.236899999999999977e+01
1.565199999999999925e-01 -3.233599999999999852e+01
1.566200000000000092e-01 -3.230199999999999960e+01
1.567099999999999882e-01 -3.226800000000000068e+01
1.567999999999999949e-01 -3.223400000000000176e+01
1.569000000000000117e-01 -3.219899999999999807e+01
1.569899999999999907e-01 -3.216400000000000148e+01
1.570900000000000074e-01 -3.212899999999999778e+01
1.571799999999999864e-01 -3.209400000000000119e+01
1.572800000000000031e-01 -3.205899999999999750e+01
1.573700000000000099e-01 -3.202299999999999613e+01
1.574699999999999989e-01 -3.198799999999999955e+01
1.575600000000000056e-01 -3.195199999999999818e+01
1.576599999999999946e-01 -3.191499999999999915e+01
1.577500000000000013e-01 -3.187899999999999778e+01
1.578499999999999903e-01 -3.184199999999999875e+01
1.579399999999999971e-01 -3.180599999999999739e+01
1.580400000000000138e-01 -3.176899999999999835e+01
1.581299999999999928e-01 -3.173099999999999810e+01
1.582300000000000095e-01 -3.169399999999999906e+01
1.583199999999999885e-01 -3.165599999999999881e+01
1.584200000000000053e-01 -3.161799999999999855e+01
1.585100000000000120e-01 -3.157999999999999829e+01
1.586100000000000010e-01 -3.154199999999999804e+01
1.587000000000000077e-01 -3.150300000000000011e+01
1.587999999999999967e-01 -3.146399999999999864e+01
1.588900000000000035e-01 -3.142499999999999716e+01
1.589899999999999924e-01 -3.138599999999999923e+01
1.590799999999999992e-01 -3.134699999999999775e+01
1.591799999999999882e-01 -3.130699999999999861e+01
1.592699999999999949e-01 -3.126699999999999946e+01
1.593700000000000117e-01 -3.122700000000000031e+01
1.594599999999999906e-01 -3.118699999999999761e+01
1.595600000000000074e-01 -3.114599999999999724e+01
1.596499999999999864e-01 -3.110499999999999687e+01
1.597500000000000031e-01 -3.106400000000000006e+01
1.598400000000000098e-01 -3.102299999999999969e+01
1.599399999999999988e-01 -3.098099999999999810e+01
1.600300000000000056e-01 -3.093999999999999773e+01
1.601299999999999946e-01 -3.089799999999999969e+01
1.602200000000000013e-01 -3.085499999999999687e+01
1.603100000000000080e-01 -3.081299999999999883e+01
1.604099999999999970e-01 -3.076999999999999957e+01
1.605000000000000038e-01 -3.072700000000000031e+01
1.605999999999999928e-01 -3.068399999999999750e+01
1.606899999999999995e-01 -3.064099999999999824e+01
1.607899999999999885e-01 -3.059699999999999775e+01
1.608799999999999952e-01 -3.055299999999999727e+01
1.609800000000000120e-01 -3.050900000000000034e+01
1.610699999999999910e-01 -3.046499999999999986e+01
1.611700000000000077e-01 -3.041999999999999815e+01
1.612599999999999867e-01 -3.037599999999999767e+01
1.613600000000000034e-01 -3.033099999999999952e+01
1.614500000000000102e-01 -3.028500000000000014e+01
1.615499999999999992e-01 -3.023999999999999844e+01
1.616400000000000059e-01 -3.019399999999999906e+01
1.617399999999999949e-01 -3.014799999999999969e+01
1.618300000000000016e-01 -3.010200000000000031e+01
1.619299999999999906e-01 -3.005499999999999972e+01
1.620199999999999974e-01 -3.000799999999999912e+01
1.621199999999999863e-01 -2.996099999999999852e+01
1.622099999999999931e-01 -2.991399999999999793e+01
1.623100000000000098e-01 -2.986699999999999733e+01
1.623999999999999888e-01 -2.981899999999999906e+01
1.625000000000000056e-01 -2.977099999999999724e+01
1.625900000000000123e-01 -2.972299999999999898e+01
1.626900000000000013e-01 -2.967399999999999949e+01
1.627800000000000080e-01 -2.962599999999999767e+01
1.628799999999999970e-01 -2.957699999999999818e+01
1.629700000000000037e-01 -2.952699999999999747e+01
1.630699999999999927e-01 -2.947799999999999798e+01
1.631599999999999995e-01 -2.942799999999999727e+01
1.632599999999999885e-01 -2.937800000000000011e+01
1.633499999999999952e-01 -2.932799999999999940e+01
1.634500000000000119e-01 -2.927699999999999747e+01
1.635399999999999909e-01 -2.922700000000000031e+01
1.636299999999999977e-01 -2.917599999999999838e+01
1.637299999999999867e-01 -2.912399999999999878e+01
1.638199999999999934e-01 -2.907300000000000040e+01
1.639200000000000101e-01 -2.902099999999999724e+01
1.640099999999999891e-01 -2.896899999999999764e+01
1.641100000000000059e-01 -2.891699999999999804e+01
1.642000000000000126e-01 -2.886399999999999721e+01
1.643000000000000016e-01 -2.881099999999999994e+01
1.643900000000000083e-01 -2.875799999999999912e+01
1.644899999999999973e-01 -2.870499999999999829e+01
1.645800000000000041e-01 -2.865199999999999747e+01
1.646799999999999931e-01 -2.859799999999999898e+01
1.647699999999999998e-01 -2.854400000000000048e+01
1.648699999999999888e-01 -2.848899999999999721e+01
1.649599999999999955e-01 -2.843499999999999872e+01
1.650600000000000123e-01 -2.837999999999999901e+01
1.651499999999999913e-01 -2.832499999999999929e+01
1.652500000000000080e-01 -2.826899999999999835e+01
1.653399999999999870e-01 -2.821399999999999864e+01
1.654400000000000037e-01 -2.815799999999999770e+01
1.655300000000000105e-01 -2.810200000000000031e+01
1.656299999999999994e-01 -2.804499999999999815e+01
1.657200000000000062e-01 -2.798899999999999721e+01
1.658199999999999952e-01 -2.793199999999999861e+01
1.659100000000000019e-01 -2.787500000000000000e+01
1.660099999999999909e-01 -2.781700000000000017e+01
1.660999999999999976e-01 -2.775900000000000034e+01
1.661999999999999866e-01 -2.770199999999999818e+01
1.662899999999999934e-01 -2.764299999999999713e+01
1.663900000000000101e-01 -2.758499999999999730e+01
1.664799999999999891e-01 -2.752599999999999980e+01
1.665800000000000058e-01 -2.746699999999999875e+01
1.666700000000000126e-01 -2.740799999999999770e+01
1.667700000000000016e-01 -2.734799999999999898e+01
1.668600000000000083e-01 -2.728899999999999793e+01
1.669599999999999973e-01 -2.722899999999999920e+01
1.670500000000000040e-01 -2.716799999999999926e+01
1.671400000000000108e-01 -2.710800000000000054e+01
1.672399999999999998e-01 -2.704699999999999704e+01
1.673300000000000065e-01 -2.698599999999999710e+01
1.674299999999999955e-01 -2.692499999999999716e+01
1.675200000000000022e-01 -2.686299999999999955e+01
1.676199999999999912e-01 -2.680099999999999838e+01
1.677099999999999980e-01 -2.673899999999999721e+01
1.678099999999999870e-01 -2.667699999999999960e+01
1.678999999999999937e-01 -2.661399999999999721e+01
1.680000000000000104e-01 -2.655099999999999838e+01
1.680899999999999894e-01 -2.648799999999999955e+01
1.681900000000000062e-01 -2.642499999999999716e+01
1.682800000000000129e-01 -2.636099999999999710e+01
1.683800000000000019e-01 -2.629699999999999704e+01
1.684700000000000086e-01 -2.623300000000000054e+01
1.685699999999999976e-01 -2.616900000000000048e+01
1.686600000000000044e-01 -2.610399999999999920e+01
1.687599999999999933e-01 -2.603899999999999793e+01
1.688500000000000001e-01 -2.597400000000000020e+01
1.689499999999999891e-01 -2.590899999999999892e+01
1.690399999999999958e-01 -2.584299999999999997e+01
1.691400000000000126e-01 -2.577799999999999869e+01
1.692299999999999915e-01 -2.571099999999999852e+01
1.693300000000000083e-01 -2.564499999999999957e+01
1.694199999999999873e-01 -2.557799999999999940e+01
1.695200000000000040e-01 -2.551200000000000045e+01
1.696100000000000108e-01 -2.544500000000000028e+01
1.697099999999999997e-01 -2.537699999999999889e+01
1.698000000000000065e-01 -2.530999999999999872e+01
1.698999999999999955e-01 -2.524199999999999733e+01
1.699900000000000022e-01 -2.517399999999999949e+01
1.700899999999999912e-01 -2.510500000000000043e+01
1.701799999999999979e-01 -2.503699999999999903e+01
1.702799999999999869e-01 -2.496799999999999997e+01
1.703699999999999937e-01 -2.489899999999999736e+01
1.704600000000000004e-01 -2.482999999999999829e+01
1.705599999999999894e-01 -2.475999999999999801e+01
1.706499999999999961e-01 -2.469099999999999895e+01
1.707500000000000129e-01 -2.462099999999999866e+01
1.708399999999999919e-01 -2.455099999999999838e+01
1.709400000000000086e-01 -2.448000000000000043e+01
1.710299999999999876e-01 -2.441000000000000014e+01
1.711300000000000043e-01 -2.433899999999999864e+01
1.712200000000000111e-01 -2.426799999999999713e+01
1.713200000000000001e-01 -2.419599999999999795e+01
1.714100000000000068e-01 -2.412500000000000000e+01
1.715099999999999958e-01 -2.405299999999999727e+01
1.716000000000000025e-01 -2.398099999999999810e+01
1.716999999999999915e-01 -2.390899999999999892e+01
1.717899999999999983e-01 -2.383699999999999974e+01
1.718899999999999872e-01 -2.376399999999999935e+01
1.719799999999999940e-01 -2.369099999999999895e+01
1.720800000000000107e-01 -2.361799999999999855e+01
1.721699999999999897e-01 -2.354499999999999815e+01
1.722700000000000065e-01 -2.347100000000000009e+01
1.723600000000000132e-01 -2.339799999999999969e+01
1.724600000000000022e-01 -2.332399999999999807e+01
1.725500000000000089e-01 -2.325000000000000000e+01
1.726499999999999979e-01 -2.317500000000000071e+01
1.727400000000000047e-01 -2.310099999999999909e+01
1.728399999999999936e-01 -2.302599999999999980e+01
1.729300000000000004e-01 -2.295100000000000051e+01
1.730299999999999894e-01 -2.287599999999999767e+01
1.731199999999999961e-01 -2.280099999999999838e+01
1.732200000000000129e-01 -2.272599999999999909e+01
1.733099999999999918e-01 -2.264999999999999858e+01
1.734100000000000086e-01 -2.257399999999999807e+01
1.734999999999999876e-01 -2.249799999999999756e+01
1.736000000000000043e-01 -2.242200000000000060e+01
1.736900000000000110e-01 -2.234600000000000009e+01
1.737900000000000000e-01 -2.226899999999999835e+01
1.738800000000000068e-01 -2.219299999999999784e+01
1.739700000000000135e-01 -2.211599999999999966e+01
1.740700000000000025e-01 -2.203899999999999793e+01
1.741600000000000092e-01 -2.196099999999999852e+01
1.742599999999999982e-01 -2.188400000000000034e+01
1.743500000000000050e-01 -2.180699999999999861e+01
1.744499999999999940e-01 -2.172899999999999920e+01
1.745400000000000007e-01 -2.165099999999999980e+01
1.746399999999999897e-01 -2.157300000000000040e+01
1.747299999999999964e-01 -2.149499999999999744e+01
1.748300000000000132e-01 -2.141600000000000037e+01
1.749199999999999922e-01 -2.133799999999999741e+01
1.750200000000000089e-01 -2.125900000000000034e+01
1.751099999999999879e-01 -2.118099999999999739e+01
1.752100000000000046e-01 -2.110200000000000031e+01
1.753000000000000114e-01 -2.102299999999999969e+01
1.754000000000000004e-01 -2.094299999999999784e+01
1.754900000000000071e-01 -2.086400000000000077e+01
1.755899999999999961e-01 -2.078500000000000014e+01
1.756800000000000028e-01 -2.070499999999999829e+01
1.757799999999999918e-01 -2.062500000000000000e+01
1.758699999999999986e-01 -2.054599999999999937e+01
1.759699999999999875e-01 -2.046599999999999753e+01
1.760599999999999943e-01 -2.038599999999999923e+01
1.761600000000000110e-01 -2.030599999999999739e+01
1.762499999999999900e-01 -2.022499999999999787e+01
1.763500000000000068e-01 -2.014499999999999957e+01
1.764400000000000135e-01 -2.006400000000000006e+01
1.765400000000000025e-01 -1.998399999999999821e+01
1.766300000000000092e-01 -1.990299999999999869e+01
1.767299999999999982e-01 -1.982199999999999918e+01
1.768200000000000049e-01 -1.974099999999999966e+01
1.769199999999999939e-01 -1.966099999999999781e+01
1.770100000000000007e-01 -1.957900000000000063e+01
1.771099999999999897e-01 -1.949799999999999756e+01
1.771999999999999964e-01 -1.941699999999999804e+01
1.772900000000000031e-01 -1.933599999999999852e+01
1.773899999999999921e-01 -1.925399999999999778e+01
1.774799999999999989e-01 -1.917299999999999827e+01
1.775799999999999879e-01 -1.909199999999999875e+01
1.776699999999999946e-01 -1.900999999999999801e+01
1.777700000000000113e-01 -1.892800000000000082e+01
1.778599999999999903e-01 -1.884699999999999775e+01
1.779600000000000071e-01 -1.876500000000000057e+01
1.780500000000000138e-01 -1.868299999999999983e+01
1.781500000000000028e-01 -1.860099999999999909e+01
1.782400000000000095e-01 -1.851899999999999835e+01
1.783399999999999985e-01 -1.843799999999999883e+01
1.784300000000000053e-01 -1.835599999999999810e+01
1.785299999999999943e-01 -1.827400000000000091e+01
1.786200000000000010e-01 -1.819200000000000017e+01
1.787199999999999900e-01 -1.810999999999999943e+01
1.788099999999999967e-01 -1.802699999999999747e+01
1.789100000000000135e-01 -1.794500000000000028e+01
1.789999999999999925e-01 -1.786299999999999955e+01
1.791000000000000092e-01 -1.778099999999999881e+01
1.791899999999999882e-01 -1.769899999999999807e+01
1.792900000000000049e-01 -1.761700000000000088e+01
1.793800000000000117e-01 -1.753500000000000014e+01
1.794800000000000006e-01 -1.745299999999999940e+01
1.795700000000000074e-01 -1.736999999999999744e+01
1.796699999999999964e-01 -1.728800000000000026e+01
1.797600000000000031e-01 -1.720599999999999952e+01
1.798599999999999921e-01 -1.712399999999999878e+01
1.799499999999999988e-01 -1.704199999999999804e+01
1.800499999999999878e-01 -1.696000000000000085e+01
1.801399999999999946e-01 -1.687800000000000011e+01
1.802400000000000113e-01 -1.679599999999999937e+01
1.803299999999999903e-01 -1.671399999999999864e+01
1.804300000000000070e-01 -1.663199999999999790e+01
1.805200000000000138e-01 -1.655000000000000071e+01
1.806200000000000028e-01 -1.646799999999999997e+01
1.807100000000000095e-01 -1.638599999999999923e+01
1.807999999999999885e-01 -1.630399999999999849e+01
1.809000000000000052e-01 -1.622299999999999898e+01
1.809900000000000120e-01 -1.614099999999999824e+01
1.810900000000000010e-01 -1.605899999999999750e+01
1.811800000000000077e-01 -1.597799999999999976e+01
1.812799999999999967e-01 -1.589599999999999902e+01
1.813700000000000034e-01 -1.581499999999999950e+01
1.814699999999999924e-01 -1.573399999999999999e+01
1.815599999999999992e-01 -1.565199999999999925e+01
1.816599999999999882e-01 -1.557099999999999973e+01
1.817499999999999949e-01 -1.548999999999999844e+01
1.818500000000000116e-01 -1.540899999999999892e+01
1.819399999999999906e-01 -1.532799999999999940e+01
1.820400000000000074e-01 -1.524699999999999989e+01
1.821299999999999863e-01 -1.516599999999999859e+01
1.822300000000000031e-01 -1.508599999999999852e+01
1.823200000000000098e-01 -1.500499999999999901e+01
1.824199999999999988e-01 -1.492499999999999893e+01
1.825100000000000056e-01 -1.484499999999999886e+01
1.826099999999999945e-01 -1.476399999999999935e+01
1.827000000000000013e-01 -1.468399999999999928e+01
1.827999999999999903e-01 -1.460399999999999920e+01
1.828899999999999970e-01 -1.452399999999999913e+01
1.829900000000000138e-01 -1.444499999999999851e+01
1.830799999999999927e-01 -1.436500000000000021e+01
1.831800000000000095e-01 -1.428599999999999959e+01
1.832699999999999885e-01 -1.420599999999999952e+01
1.833700000000000052e-01 -1.412699999999999889e+01
1.834600000000000120e-01 -1.404800000000000004e+01
1.835600000000000009e-01 -1.396899999999999942e+01
1.836500000000000077e-01 -1.388999999999999879e+01
1.837499999999999967e-01 -1.381199999999999939e+01
1.838400000000000034e-01 -1.373299999999999876e+01
1.839399999999999924e-01 -1.365499999999999936e+01
1.840299999999999991e-01 -1.357699999999999996e+01
1.841200000000000059e-01 -1.349899999999999878e+01
1.842199999999999949e-01 -1.342099999999999937e+01
1.843100000000000016e-01 -1.334399999999999942e+01
1.844099999999999906e-01 -1.326600000000000001e+01
1.844999999999999973e-01 -1.318900000000000006e+01
1.845999999999999863e-01 -1.311200000000000010e+01
1.846899999999999931e-01 -1.303500000000000014e+01
1.847900000000000098e-01 -1.295800000000000018e+01
1.848799999999999888e-01 -1.288199999999999967e+01
1.849800000000000055e-01 -1.280499999999999972e+01
1.850700000000000123e-01 -1.272899999999999920e+01
1.851700000000000013e-01 -1.265299999999999869e+01
1.852600000000000080e-01 -1.257799999999999940e+01
1.853599999999999970e-01 -1.250199999999999889e+01
1.854500000000000037e-01 -1.242699999999999960e+01
1.855499999999999927e-01 -1.235099999999999909e+01
1.856399999999999995e-01 -1.227699999999999925e+01
1.857399999999999884e-01 -1.220199999999999996e+01
1.858299999999999952e-01 -1.212699999999999889e+01
1.859300000000000119e-01 -1.205299999999999905e+01
1.860199999999999909e-01 -1.197899999999999920e+01
1.861200000000000077e-01 -1.190499999999999936e+01
1.862099999999999866e-01 -1.183099999999999952e+01
1.863100000000000034e-01 -1.175799999999999912e+01
1.864000000000000101e-01 -1.168499999999999872e+01
1.864999999999999991e-01 -1.161200000000000010e+01
1.865900000000000059e-01 -1.153899999999999970e+01
1.866899999999999948e-01 -1.146699999999999875e+01
1.867800000000000016e-01 -1.139400000000000013e+01
1.868799999999999906e-01 -1.132199999999999918e+01
1.869699999999999973e-01 -1.125099999999999945e+01
1.870699999999999863e-01 -1.117900000000000027e+01
1.871599999999999930e-01 -1.110799999999999876e+01
1.872600000000000098e-01 -1.103699999999999903e+01
1.873499999999999888e-01 -1.096599999999999930e+01
1.874500000000000055e-01 -1.089599999999999902e+01
1.875400000000000122e-01 -1.082499999999999929e+01
1.876299999999999912e-01 -1.075499999999999901e+01
1.877300000000000080e-01 -1.068599999999999994e+01
1.878199999999999870e-01 -1.061599999999999966e+01
1.879200000000000037e-01 -1.054699999999999882e+01
1.880100000000000104e-01 -1.047799999999999976e+01
1.881099999999999994e-01 -1.040899999999999892e+01
1.882000000000000062e-01 -1.034099999999999930e+01
1.882999999999999952e-01 -1.027200000000000024e+01
1.883900000000000019e-01 -1.020500000000000007e+01
1.884899999999999909e-01 -1.013699999999999868e+01
1.885799999999999976e-01 -1.006899999999999906e+01
1.886799999999999866e-01 -1.000199999999999889e+01
1.887699999999999934e-01 -9.935599999999999099e+00
1.888700000000000101e-01 -9.868999999999999773e+00
1.889599999999999891e-01 -9.802699999999999747e+00
1.890600000000000058e-01 -9.736699999999999022e+00
1.891500000000000126e-01 -9.670999999999999375e+00
1.892500000000000016e-01 -9.605599999999999028e+00
1.893400000000000083e-01 -9.540399999999999991e+00
1.894399999999999973e-01 -9.475500000000000256e+00
1.895300000000000040e-01 -9.410999999999999588e+00
1.896299999999999930e-01 -9.346600000000000463e+00
1.897199999999999998e-01 -9.282600000000000406e+00
1.898199999999999887e-01 -9.218899999999999650e+00
1.899099999999999955e-01 -9.155499999999999972e+00
1.900100000000000122e-01 -9.092299999999999827e+00
1.900999999999999912e-01 -9.029399999999998983e+00
1.902000000000000079e-01 -8.966899999999998983e+00
1.902899999999999869e-01 -8.904600000000000293e+00
1.903900000000000037e-01 -8.842599999999999127e+00
1.904800000000000104e-01 -8.780899999999999039e+00
1.905799999999999994e-01 -8.719500000000000028e+00
1.906700000000000061e-01 -8.658400000000000318e+00
1.907699999999999951e-01 -8.597599999999999909e+00
1.908600000000000019e-01 -8.537099999999998801e+00
1.909500000000000086e-01 -8.476899999999998769e+00
1.910499999999999976e-01 -8.416999999999999815e+00
1.911400000000000043e-01 -8.357300000000000395e+00
1.912399999999999933e-01 -8.298000000000000043e+00
1.913300000000000001e-01 -8.238999999999998991e+00
1.914299999999999891e-01 -8.180299999999999017e+00
1.915199999999999958e-01 -8.121800000000000352e+00
1.916200000000000125e-01 -8.063699999999998980e+00
1.917099999999999915e-01 -8.005900000000000460e+00
1.918100000000000083e-01 -7.948399999999999466e+00
1.918999999999999873e-01 -7.891099999999999781e+00
1.920000000000000040e-01 -7.834200000000000053e+00
1.920900000000000107e-01 -7.777599999999999625e+00
1.921899999999999997e-01 -7.721299999999999386e+00
1.922800000000000065e-01 -7.665199999999999569e+00
1.923799999999999955e-01 -7.609499999999999709e+00
1.924700000000000022e-01 -7.554100000000000037e+00
1.925699999999999912e-01 -7.498999999999999666e+00
1.926599999999999979e-01 -7.444199999999999484e+00
1.927599999999999869e-01 -7.389599999999999724e+00
1.928499999999999936e-01 -7.335399999999999920e+00
1.929500000000000104e-01 -7.281499999999999417e+00
1.930399999999999894e-01 -7.227899999999999991e+00
1.931400000000000061e-01 -7.174599999999999866e+00
1.932300000000000129e-01 -7.121599999999999930e+00
1.933300000000000018e-01 -7.068899999999999295e+00
1.934200000000000086e-01 -7.016499999999999737e+00
1.935199999999999976e-01 -6.964399999999999480e+00
1.936100000000000043e-01 -6.912599999999999412e+00
1.937099999999999933e-01 -6.861099999999999532e+00
1.938000000000000000e-01 -6.809800000000000075e+00
1.938999999999999890e-01 -6.758899999999999686e+00
1.939899999999999958e-01 -6.708299999999999486e+00
1.940900000000000125e-01 -6.657999999999999474e+00
1.941799999999999915e-01 -6.607999999999999652e+00
1.942800000000000082e-01 -6.558300000000000018e+00
1.943699999999999872e-01 -6.508899999999999686e+00
1.944599999999999940e-01 -6.459799999999999542e+00
1.945600000000000107e-01 -6.410899999999999821e+00
1.946499999999999897e-01 -6.362400000000000055e+00
1.947500000000000064e-01 -6.314199999999999591e+00
1.948400000000000132e-01 -6.266199999999999548e+00
1.949400000000000022e-01 -6.218599999999999461e+00
1.950300000000000089e-01 -6.171199999999999797e+00
1.951299999999999979e-01 -6.124200000000000088e+00
1.952200000000000046e-01 -6.077399999999999913e+00
1.953199999999999936e-01 -6.030899999999999928e+00
1.954100000000000004e-01 -5.984700000000000131e+00
1.955099999999999894e-01 -5.938799999999999635e+00
1.955999999999999961e-01 -5.893199999999999328e+00
1.957000000000000128e-01 -5.847900000000000098e+00
1.957899999999999918e-01 -5.802900000000000169e+00
1.958900000000000086e-01 -5.758099999999999774e+00
1.959799999999999875e-01 -5.713699999999999335e+00
1.960800000000000043e-01 -5.669499999999999318e+00
1.961700000000000110e-01 -5.625599999999999490e+00
1.962700000000000000e-01 -5.581999999999999851e+00
1.963600000000000068e-01 -5.538699999999999513e+00
1.964599999999999957e-01 -5.495699999999999363e+00
1.965500000000000025e-01 -5.452899999999999636e+00
1.966499999999999915e-01 -5.410400000000000098e+00
1.967399999999999982e-01 -5.368199999999999861e+00
1.968399999999999872e-01 -5.326299999999999812e+00
1.969299999999999939e-01 -5.284699999999999953e+00
1.970300000000000107e-01 -5.243299999999999628e+00
1.971199999999999897e-01 -5.202199999999999491e+00
1.972200000000000064e-01 -5.161399999999999544e+00
1.973100000000000132e-01 -5.120899999999999785e+00
1.974100000000000021e-01 -5.080599999999999561e+00
1.975000000000000089e-01 -5.040599999999999525e+00
1.975999999999999979e-01 -5.000899999999999679e+00
1.976900000000000046e-01 -4.961399999999999366e+00
1.977800000000000114e-01 -4.922200000000000131e+00
1.978800000000000003e-01 -4.883300000000000196e+00
1.979700000000000071e-01 -4.844599999999999795e+00
1.980699999999999961e-01 -4.806299999999999351e+00
1.981600000000000028e-01 -4.768099999999999561e+00
1.982599999999999918e-01 -4.730299999999999727e+00
1.983499999999999985e-01 -4.692699999999999427e+00
1.984499999999999875e-01 -4.655299999999999550e+00
1.985399999999999943e-01 -4.618299999999999628e+00
1.986400000000000110e-01 -4.581399999999999473e+00
1.987299999999999900e-01 -4.544900000000000162e+00
1.988300000000000067e-01 -4.508599999999999497e+00
1.989200000000000135e-01 -4.472500000000000142e+00
1.990200000000000025e-01 -4.436700000000000088e+00
1.991100000000000092e-01 -4.401200000000000223e+00
1.992099999999999982e-01 -4.365899999999999892e+00
1.993000000000000049e-01 -4.330799999999999983e+00
1.993999999999999939e-01 -4.296100000000000030e+00
1.994900000000000007e-01 -4.261499999999999844e+00
1.995899999999999896e-01 -4.227199999999999847e+00
1.996799999999999964e-01 -4.193200000000000038e+00
1.997800000000000131e-01 -4.159399999999999764e+00
1.998699999999999921e-01 -4.125799999999999912e+00
1.999700000000000089e-01 -4.092500000000000249e+00
2.000599999999999878e-01 -4.059400000000000119e+00
2.001600000000000046e-01 -4.026600000000000179e+00
2.002500000000000113e-01 -3.993999999999999773e+00
2.003500000000000003e-01 -3.961599999999999788e+00
2.004400000000000071e-01 -3.929499999999999993e+00
2.005399999999999960e-01 -3.897599999999999731e+00
2.006300000000000028e-01 -3.865899999999999892e+00
2.007299999999999918e-01 -3.834499999999999797e+00
2.008199999999999985e-01 -3.803299999999999681e+00
2.009199999999999875e-01 -3.772299999999999986e+00
2.010099999999999942e-01 -3.741600000000000037e+00
2.011000000000000010e-01 -3.711099999999999621e+00
2.011999999999999900e-01 -3.680799999999999628e+00
2.012899999999999967e-01 -3.650700000000000056e+00
2.013900000000000134e-01 -3.620899999999999785e+00
2.014799999999999924e-01 -3.591299999999999937e+00
2.015800000000000092e-01 -3.561899999999999622e+00
2.016699999999999882e-01 -3.532699999999999729e+00
2.017700000000000049e-01 -3.503800000000000026e+00
2.018600000000000116e-01 -3.474999999999999645e+00
2.019600000000000006e-01 -3.446499999999999897e+00
2.020500000000000074e-01 -3.418199999999999683e+00
2.021499999999999964e-01 -3.390099999999999891e+00
2.022400000000000031e-01 -3.362199999999999633e+00
2.023399999999999921e-01 -3.334600000000000009e+00
2.024299999999999988e-01 -3.307099999999999707e+00
2.025299999999999878e-01 -3.279900000000000038e+00
2.026199999999999946e-01 -3.252799999999999692e+00
2.027200000000000113e-01 -3.225999999999999979e+00
2.028099999999999903e-01 -3.199399999999999800e+00
2.029100000000000070e-01 -3.172899999999999832e+00
2.030000000000000138e-01 -3.146700000000000053e+00
2.031000000000000028e-01 -3.120699999999999807e+00
2.031900000000000095e-01 -3.094899999999999984e+00
2.032899999999999985e-01 -3.069199999999999928e+00
2.033800000000000052e-01 -3.043800000000000061e+00
2.034799999999999942e-01 -3.018599999999999728e+00
2.035700000000000010e-01 -2.993500000000000050e+00
2.036699999999999899e-01 -2.968699999999999672e+00
2.037599999999999967e-01 -2.943999999999999950e+00
2.038600000000000134e-01 -2.919599999999999973e+00
2.039499999999999924e-01 -2.895299999999999763e+00
2.040500000000000091e-01 -2.871199999999999974e+00
2.041399999999999881e-01 -2.847299999999999720e+00
2.042400000000000049e-01 -2.823599999999999888e+00
2.043300000000000116e-01 -2.800100000000000033e+00
2.044300000000000006e-01 -2.776799999999999713e+00
2.045200000000000073e-01 -2.753600000000000048e+00
2.046099999999999863e-01 -2.730699999999999683e+00
2.047100000000000031e-01 -2.707899999999999974e+00
2.048000000000000098e-01 -2.685200000000000031e+00
2.048999999999999988e-01 -2.662799999999999834e+00
2.049900000000000055e-01 -2.640600000000000058e+00
2.050899999999999945e-01 -2.618500000000000050e+00
2.051800000000000013e-01 -2.596600000000000019e+00
2.052799999999999903e-01 -2.574799999999999756e+00
2.053699999999999970e-01 -2.553299999999999681e+00
2.054700000000000137e-01 -2.531899999999999817e+00
2.055599999999999927e-01 -2.510599999999999721e+00
2.056600000000000095e-01 -2.489599999999999813e+00
2.057499999999999885e-01 -2.468699999999999672e+00
2.058500000000000052e-01 -2.447999999999999954e+00
2.059400000000000119e-01 -2.427400000000000002e+00
2.060400000000000009e-01 -2.407000000000000028e+00
2.061300000000000077e-01 -2.386800000000000033e+00
2.062299999999999967e-01 -2.366699999999999804e+00
2.063200000000000034e-01 -2.346799999999999997e+00
2.064199999999999924e-01 -2.327099999999999724e+00
2.065099999999999991e-01 -2.307500000000000107e+00
2.066099999999999881e-01 -2.288100000000000023e+00
2.066999999999999948e-01 -2.268799999999999706e+00
2.068000000000000116e-01 -2.249699999999999811e+00
2.068899999999999906e-01 -2.230699999999999683e+00
2.069900000000000073e-01 -2.211899999999999977e+00
2.070799999999999863e-01 -2.193200000000000038e+00
2.071800000000000030e-01 -2.174700000000000077e+00
2.072700000000000098e-01 -2.156299999999999883e+00
2.073699999999999988e-01 -2.138100000000000112e+00
2.074600000000000055e-01 -2.120000000000000107e+00
2.075599999999999945e-01 -2.102100000000000080e+00
2.076500000000000012e-01 -2.084400000000000031e+00
2.077499999999999902e-01 -2.066699999999999982e+00
2.078399999999999970e-01 -2.049199999999999910e+00
2.079300000000000037e-01 -2.031899999999999817e+00
2.080299999999999927e-01 -2.014699999999999935e+00
2.081199999999999994e-01 -1.997599999999999820e+00
2.082199999999999884e-01 -1.980699999999999905e+00
2.083099999999999952e-01 -1.963899999999999979e+00
2.084100000000000119e-01 -1.947199999999999820e+00
2.084999999999999909e-01 -1.930699999999999861e+00
2.086000000000000076e-01 -1.914299999999999891e+00
2.086899999999999866e-01 -1.898099999999999898e+00
2.087900000000000034e-01 -1.881999999999999895e+00
2.088800000000000101e-01 -1.865999999999999881e+00
2.089799999999999991e-01 -1.850199999999999845e+00
2.090700000000000058e-01 -1.834399999999999809e+00
2.091699999999999948e-01 -1.818799999999999972e+00
2.092600000000000016e-01 -1.803399999999999892e+00
2.093599999999999905e-01 -1.787999999999999812e+00
2.094499999999999973e-01 -1.772799999999999931e+00
2.095499999999999863e-01 -1.757699999999999818e+00
2.096399999999999930e-01 -1.742799999999999905e+00
2.097400000000000098e-01 -1.727899999999999991e+00
2.098299999999999887e-01 -1.713199999999999834e+00
2.099300000000000055e-01 -1.698599999999999888e+00
2.100200000000000122e-01 -1.684199999999999919e+00
2.101200000000000012e-01 -1.669799999999999951e+00
2.102100000000000080e-01 -1.655599999999999961e+00
2.103099999999999969e-01 -1.641399999999999970e+00
2.104000000000000037e-01 -1.627399999999999958e+00
2.104999999999999927e-01 -1.613599999999999923e+00
2.105899999999999994e-01 -1.599799999999999889e+00
2.106899999999999884e-01 -1.586099999999999843e+00
2.107799999999999951e-01 -1.572599999999999998e+00
2.108800000000000119e-01 -1.559199999999999919e+00
2.109699999999999909e-01 -1.545799999999999841e+00
2.110700000000000076e-01 -1.532599999999999962e+00
2.111599999999999866e-01 -1.519499999999999851e+00
2.112600000000000033e-01 -1.506499999999999950e+00
2.113500000000000101e-01 -1.493700000000000028e+00
2.114399999999999891e-01 -1.480899999999999883e+00
2.115400000000000058e-01 -1.468199999999999950e+00
2.116300000000000125e-01 -1.455699999999999994e+00
2.117300000000000015e-01 -1.443200000000000038e+00
2.118200000000000083e-01 -1.430799999999999850e+00
2.119199999999999973e-01 -1.418599999999999861e+00
2.120100000000000040e-01 -1.406399999999999872e+00
2.121099999999999930e-01 -1.394399999999999862e+00
2.121999999999999997e-01 -1.382499999999999840e+00
2.122999999999999887e-01 -1.370600000000000041e+00
2.123899999999999955e-01 -1.358899999999999997e+00
2.124900000000000122e-01 -1.347199999999999953e+00
2.125799999999999912e-01 -1.335699999999999887e+00
2.126800000000000079e-01 -1.324200000000000044e+00
2.127699999999999869e-01 -1.312899999999999956e+00
2.128700000000000037e-01 -1.301599999999999868e+00
2.129600000000000104e-01 -1.290399999999999991e+00
2.130599999999999994e-01 -1.279399999999999871e+00
2.131500000000000061e-01 -1.268399999999999972e+00
2.132499999999999951e-01 -1.257499999999999840e+00
2.133400000000000019e-01 -1.246699999999999919e+00
2.134399999999999908e-01 -1.235999999999999988e+00
2.135299999999999976e-01 -1.225400000000000045e+00
2.136299999999999866e-01 -1.214799999999999880e+00
2.137199999999999933e-01 -1.204399999999999915e+00
2.138200000000000101e-01 -1.193999999999999950e+00
2.139099999999999890e-01 -1.183799999999999963e+00
2.140100000000000058e-01 -1.173599999999999977e+00
2.141000000000000125e-01 -1.163499999999999979e+00
2.142000000000000015e-01 -1.153499999999999970e+00
2.142900000000000083e-01 -1.143599999999999950e+00
2.143899999999999972e-01 -1.133799999999999919e+00
2.144800000000000040e-01 -1.123999999999999888e+00
2.145799999999999930e-01 -1.114299999999999846e+00
2.146699999999999997e-01 -1.104700000000000015e+00
2.147600000000000064e-01 -1.095199999999999951e+00
2.148599999999999954e-01 -1.085799999999999876e+00
2.149500000000000022e-01 -1.076500000000000012e+00
2.150499999999999912e-01 -1.067199999999999926e+00
2.151399999999999979e-01 -1.058000000000000052e+00
2.152399999999999869e-01 -1.048899999999999944e+00
2.153299999999999936e-01 -1.039900000000000047e+00
2.154300000000000104e-01 -1.030899999999999928e+00
2.155199999999999894e-01 -1.022000000000000020e+00
2.156200000000000061e-01 -1.013199999999999878e+00
2.157100000000000128e-01 -1.004499999999999948e+00
2.158100000000000018e-01 -9.958099999999999730e-01
2.159000000000000086e-01 -9.872299999999999409e-01
2.159999999999999976e-01 -9.787199999999999234e-01
2.160900000000000043e-01 -9.702799999999999203e-01
2.161899999999999933e-01 -9.619099999999999318e-01
2.162800000000000000e-01 -9.536099999999999577e-01
2.163799999999999890e-01 -9.453899999999999526e-01
2.164699999999999958e-01 -9.372300000000000075e-01
2.165700000000000125e-01 -9.291499999999999204e-01
2.166599999999999915e-01 -9.211300000000000043e-01
2.167600000000000082e-01 -9.131799999999999917e-01
2.168499999999999872e-01 -9.052999999999999936e-01
2.169500000000000040e-01 -8.974799999999999445e-01
2.170400000000000107e-01 -8.897299999999999098e-01
2.171399999999999997e-01 -8.820500000000000007e-01
2.172300000000000064e-01 -8.744299999999999295e-01
2.173299999999999954e-01 -8.668799999999999839e-01
2.174200000000000021e-01 -8.593999999999999417e-01
2.175199999999999911e-01 -8.519700000000000051e-01
2.176099999999999979e-01 -8.446099999999999719e-01
2.177099999999999869e-01 -8.373199999999999532e-01
2.177999999999999936e-01 -8.300799999999999290e-01
2.179000000000000103e-01 -8.229099999999999193e-01
2.179899999999999893e-01 -8.157999999999999696e-01
2.180900000000000061e-01 -8.087499999999999689e-01
2.181800000000000128e-01 -8.017599999999999172e-01
2.182699999999999918e-01 -7.948199999999999710e-01
2.183700000000000085e-01 -7.879499999999999282e-01
2.184599999999999875e-01 -7.811399999999999455e-01
2.185600000000000043e-01 -7.743899999999999118e-01
2.186500000000000110e-01 -7.676899999999999835e-01
2.187500000000000000e-01 -7.610500000000000043e-01
2.188400000000000067e-01 -7.544699999999999740e-01
2.189399999999999957e-01 -7.479399999999999382e-01
2.190300000000000025e-01 -7.414699999999999624e-01
2.191299999999999915e-01 -7.350599999999999357e-01
2.192199999999999982e-01 -7.287000000000000144e-01
2.193199999999999872e-01 -7.223899999999999766e-01
2.194099999999999939e-01 -7.161399999999999988e-01
2.195100000000000107e-01 -7.099400000000000155e-01
2.195999999999999897e-01 -7.037999999999999812e-01
2.197000000000000064e-01 -6.976999999999999869e-01
2.197900000000000131e-01 -6.916700000000000070e-01
2.198900000000000021e-01 -6.856799999999999562e-01
2.199800000000000089e-01 -6.797400000000000109e-01
2.200799999999999979e-01 -6.738600000000000145e-01
2.201700000000000046e-01 -6.680199999999999472e-01
2.202699999999999936e-01 -6.622399999999999398e-01
2.203600000000000003e-01 -6.564999999999999725e-01
2.204599999999999893e-01 -6.508099999999999996e-01
2.205499999999999960e-01 -6.451799999999999757e-01
2.206500000000000128e-01 -6.395899999999999919e-01
2.207399999999999918e-01 -6.340500000000000025e-01
2.208400000000000085e-01 -6.285600000000000076e-01
2.209299999999999875e-01 -6.231099999999999417e-01
2.210300000000000042e-01 -6.177099999999999813e-01
2.211200000000000110e-01 -6.123600000000000154e-01
2.212200000000000000e-01 -6.070499999999999785e-01
2.213100000000000067e-01 -6.017899999999999361e-01
2.214099999999999957e-01 -5.965799999999999992e-01
2.215000000000000024e-01 -5.913999999999999257e-01
2.215900000000000092e-01 -5.862800000000000233e-01
2.216899999999999982e-01 -5.811999999999999389e-01
2.217800000000000049e-01 -5.761600000000000055e-01
2.218799999999999939e-01 -5.711600000000000010e-01
2.219700000000000006e-01 -5.662099999999999911e-01
2.220699999999999896e-01 -5.613000000000000211e-01
2.221599999999999964e-01 -5.564399999999999347e-01
2.222600000000000131e-01 -5.516099999999999337e-01
2.223499999999999921e-01 -5.468299999999999272e-01
2.224500000000000088e-01 -5.420800000000000063e-01
2.225399999999999878e-01 -5.373799999999999688e-01
2.226400000000000046e-01 -5.327199999999999713e-01
2.227300000000000113e-01 -5.281000000000000139e-01
2.228300000000000003e-01 -5.235199999999999854e-01
2.229200000000000070e-01 -5.189799999999999969e-01
2.230199999999999960e-01 -5.144799999999999374e-01
2.231100000000000028e-01 -5.100099999999999634e-01
2.232099999999999917e-01 -5.055899999999999839e-01
2.232999999999999985e-01 -5.011999999999999789e-01
2.233999999999999875e-01 -4.968499999999999583e-01
2.234899999999999942e-01 -4.925399999999999778e-01
2.235900000000000110e-01 -4.882699999999999818e-01
2.236799999999999899e-01 -4.840299999999999603e-01
2.237800000000000067e-01 -4.798299999999999788e-01
2.238700000000000134e-01 -4.756599999999999717e-01
2.239700000000000024e-01 -4.715399999999999592e-01
2.240600000000000092e-01 -4.674399999999999666e-01
2.241599999999999981e-01 -4.633899999999999686e-01
2.242500000000000049e-01 -4.593599999999999905e-01
2.243499999999999939e-01 -4.553800000000000070e-01
2.244400000000000006e-01 -4.514199999999999879e-01
2.245399999999999896e-01 -4.474999999999999534e-01
2.246299999999999963e-01 -4.436199999999999588e-01
2.247300000000000131e-01 -4.397699999999999942e-01
2.248199999999999921e-01 -4.359500000000000042e-01
2.249200000000000088e-01 -4.321599999999999886e-01
2.250099999999999878e-01 -4.284099999999999575e-01
2.250999999999999945e-01 -4.246899999999999564e-01
2.252000000000000113e-01 -4.209999999999999853e-01
2.252899999999999903e-01 -4.173499999999999988e-01
2.253900000000000070e-01 -4.137199999999999767e-01
2.254800000000000137e-01 -4.101299999999999946e-01
2.255800000000000027e-01 -4.065599999999999770e-01
2.256700000000000095e-01 -4.030299999999999994e-01
2.257699999999999985e-01 -3.995299999999999963e-01
2.258600000000000052e-01 -3.960599999999999676e-01
2.259599999999999942e-01 -3.926199999999999690e-01
2.260500000000000009e-01 -3.892100000000000004e-01
2.261499999999999899e-01 -3.858300000000000063e-01
2.262399999999999967e-01 -3.824799999999999867e-01
2.263400000000000134e-01 -3.791499999999999870e-01
2.264299999999999924e-01 -3.758599999999999719e-01
2.265300000000000091e-01 -3.725899999999999768e-01
2.266199999999999881e-01 -3.693599999999999661e-01
2.267200000000000049e-01 -3.661499999999999755e-01
2.268100000000000116e-01 -3.629699999999999593e-01
2.269100000000000006e-01 -3.598099999999999632e-01
2.270000000000000073e-01 -3.566799999999999971e-01
2.270999999999999963e-01 -3.535899999999999599e-01
2.271900000000000031e-01 -3.505099999999999882e-01
2.272899999999999920e-01 -3.474700000000000011e-01
2.273799999999999988e-01 -3.444499999999999784e-01
2.274799999999999878e-01 -3.414499999999999758e-01
2.275699999999999945e-01 -3.384800000000000031e-01
2.276700000000000113e-01 -3.355400000000000049e-01
2.277599999999999902e-01 -3.326299999999999812e-01
2.278600000000000070e-01 -3.297299999999999676e-01
2.279500000000000137e-01 -3.268699999999999939e-01
2.280500000000000027e-01 -3.240299999999999847e-01
2.281400000000000095e-01 -3.212099999999999955e-01
2.282399999999999984e-01 -3.184199999999999808e-01
2.283300000000000052e-01 -3.156499999999999861e-01
2.284200000000000119e-01 -3.129000000000000115e-01
2.285200000000000009e-01 -3.101800000000000113e-01
2.286100000000000076e-01 -3.074899999999999856e-01
2.287099999999999966e-01 -3.048099999999999699e-01
2.288000000000000034e-01 -3.021599999999999842e-01
2.288999999999999924e-01 -2.995399999999999729e-01
2.289899999999999991e-01 -2.969299999999999717e-01
2.290899999999999881e-01 -2.943500000000000005e-01
2.291799999999999948e-01 -2.917899999999999938e-01
2.292800000000000116e-01 -2.892500000000000071e-01
2.293699999999999906e-01 -2.867399999999999949e-01
2.294700000000000073e-01 -2.842399999999999927e-01
2.295599999999999863e-01 -2.817699999999999649e-01
2.296600000000000030e-01 -2.793200000000000127e-01
2.297500000000000098e-01 -2.768899999999999695e-01
2.298499999999999988e-01 -2.744800000000000018e-01
2.299400000000000055e-01 -2.721000000000000085e-01
2.300399999999999945e-01 -2.697299999999999698e-01
2.301300000000000012e-01 -2.673800000000000066e-01
2.302299999999999902e-01 -2.650599999999999623e-01
2.303199999999999970e-01 -2.627499999999999836e-01
2.304200000000000137e-01 -2.604699999999999793e-01
2.305099999999999927e-01 -2.581999999999999851e-01
2.306100000000000094e-01 -2.559599999999999653e-01
2.306999999999999884e-01 -2.537300000000000111e-01
2.308000000000000052e-01 -2.515199999999999658e-01
2.308900000000000119e-01 -2.493299999999999961e-01
2.309900000000000009e-01 -2.471599999999999908e-01
2.310800000000000076e-01 -2.450099999999999778e-01
2.311799999999999966e-01 -2.428799999999999848e-01
2.312700000000000033e-01 -2.407699999999999840e-01
2.313699999999999923e-01 -2.386799999999999755e-01
2.314599999999999991e-01 -2.365999999999999770e-01
2.315599999999999881e-01 -2.345399999999999985e-01
2.316499999999999948e-01 -2.324999999999999845e-01
2.317500000000000115e-01 -2.304799999999999904e-01
2.318399999999999905e-01 -2.284699999999999787e-01
2.319299999999999973e-01 -2.264799999999999869e-01
2.320299999999999863e-01 -2.245099999999999874e-01
2.321199999999999930e-01 -2.225599999999999801e-01
2.322200000000000097e-01 -2.206199999999999828e-01
2.323099999999999887e-01 -2.186999999999999778e-01
2.324100000000000055e-01 -2.167999999999999927e-01
2.325000000000000122e-01 -2.149099999999999899e-01
2.326000000000000012e-01 -2.130399999999999794e-01
2.326900000000000079e-01 -2.111899999999999888e-01
2.327899999999999969e-01 -2.093499999999999805e-01
2.328800000000000037e-01 -2.075299999999999923e-01
2.329799999999999927e-01 -2.057199999999999862e-01
2.330699999999999994e-01 -2.039300000000000002e-01
2.331699999999999884e-01 -2.021599999999999786e-01
2.332599999999999951e-01 -2.003999999999999948e-01
2.333600000000000119e-01 -1.986600000000000033e-01
2.334499999999999909e-01 -1.969299999999999939e-01
2.335500000000000076e-01 -1.952099999999999946e-01
2.336399999999999866e-01 -1.935099999999999876e-01
2.337400000000000033e-01 -1.918300000000000005e-01
2.338300000000000101e-01 -1.901599999999999957e-01
2.339299999999999990e-01 -1.885099999999999831e-01
2.340200000000000058e-01 -1.868599999999999983e-01
2.341199999999999948e-01 -1.852399999999999880e-01
2.342100000000000015e-01 -1.836299999999999877e-01
2.343099999999999905e-01 -1.820299999999999974e-01
2.343999999999999972e-01 -1.804399999999999893e-01
2.344999999999999862e-01 -1.788700000000000012e-01
2.345899999999999930e-01 -1.773200000000000054e-01
2.346900000000000097e-01 -1.757699999999999818e-01
2.347799999999999887e-01 -1.742400000000000060e-01
2.348800000000000054e-01 -1.727299999999999947e-01
2.349700000000000122e-01 -1.712199999999999833e-01
2.350700000000000012e-01 -1.697299999999999920e-01
2.351600000000000079e-01 -1.682599999999999929e-01
2.352499999999999869e-01 -1.667899999999999938e-01
2.353500000000000036e-01 -1.653399999999999870e-01
2.354400000000000104e-01 -1.638999999999999901e-01
2.355399999999999994e-01 -1.624700000000000033e-01
2.356300000000000061e-01 -1.610599999999999810e-01
2.357299999999999951e-01 -1.596599999999999964e-01
2.358200000000000018e-01 -1.582699999999999940e-01
2.359199999999999908e-01 -1.568900000000000017e-01
2.360099999999999976e-01 -1.555199999999999916e-01
2.361099999999999866e-01 -1.541700000000000015e-01
2.361999999999999933e-01 -1.528299999999999936e-01
2.363000000000000100e-01 -1.514999999999999958e-01
2.363899999999999890e-01 -1.501799999999999802e-01
2.364900000000000058e-01 -1.488700000000000023e-01
2.365800000000000125e-01 -1.475799999999999890e-01
2.366800000000000015e-01 -1.462900000000000034e-01
2.367700000000000082e-01 -1.450199999999999823e-01
2.368699999999999972e-01 -1.437499999999999889e-01
2.369600000000000040e-01 -1.424999999999999878e-01
2.370599999999999929e-01 -1.412599999999999967e-01
2.371499999999999997e-01 -1.400299999999999878e-01
2.372499999999999887e-01 -1.388099999999999890e-01
2.373399999999999954e-01 -1.376099999999999823e-01
2.374400000000000122e-01 -1.364100000000000035e-01
2.375299999999999911e-01 -1.352200000000000069e-01
2.376300000000000079e-01 -1.340399999999999925e-01
2.377199999999999869e-01 -1.328799999999999981e-01
2.378200000000000036e-01 -1.317200000000000037e-01
2.379100000000000104e-01 -1.305699999999999916e-01
2.380099999999999993e-01 -1.294399999999999995e-01
2.381000000000000061e-01 -1.283100000000000074e-01
2.381999999999999951e-01 -1.271899999999999975e-01
2.382900000000000018e-01 -1.260900000000000076e-01
2.383899999999999908e-01 -1.249899999999999900e-01
2.384799999999999975e-01 -1.238999999999999962e-01
2.385799999999999865e-01 -1.228199999999999986e-01
2.386699999999999933e-01 -1.217499999999999971e-01
2.387600000000000000e-01 -1.206899999999999917e-01
2.388599999999999890e-01 -1.196399999999999963e-01
2.389499999999999957e-01 -1.185999999999999971e-01
2.390500000000000125e-01 -1.175699999999999940e-01
2.391399999999999915e-01 -1.165399999999999908e-01
2.392400000000000082e-01 -1.155299999999999938e-01
2.393299999999999872e-01 -1.145199999999999968e-01
2.394300000000000039e-01 -1.135299999999999920e-01
2.395200000000000107e-01 -1.125400000000000011e-01
2.396199999999999997e-01 -1.115599999999999925e-01
2.397100000000000064e-01 -1.105899999999999939e-01
2.398099999999999954e-01 -1.096199999999999952e-01
2.399000000000000021e-01 -1.086699999999999888e-01
2.399999999999999911e-01 -1.077199999999999963e-01
2.400899999999999979e-01 -1.067899999999999960e-01
2.401899999999999868e-01 -1.058599999999999958e-01
2.402799999999999936e-01 -1.049399999999999916e-01
2.403800000000000103e-01 -1.040200000000000014e-01
2.404699999999999893e-01 -1.031199999999999894e-01
2.405700000000000061e-01 -1.022199999999999914e-01
2.406600000000000128e-01 -1.013299999999999895e-01
2.407600000000000018e-01 -1.004499999999999976e-01
2.408500000000000085e-01 -9.957299999999999485e-02
2.409499999999999975e-01 -9.870600000000000207e-02
2.410400000000000043e-01 -9.784699999999998954e-02
2.411399999999999932e-01 -9.699499999999999789e-02
2.412300000000000000e-01 -9.615100000000000036e-02
2.413299999999999890e-01 -9.531399999999999595e-02
2.414199999999999957e-01 -9.448399999999999854e-02
2.415200000000000125e-01 -9.366199999999999526e-02
2.416099999999999914e-01 -9.284599999999999798e-02
2.417100000000000082e-01 -9.203799999999999482e-02
2.417999999999999872e-01 -9.123699999999999866e-02
2.419000000000000039e-01 -9.044299999999999562e-02
2.419900000000000106e-01 -8.965599999999999958e-02
2.420799999999999896e-01 -8.887499999999999567e-02
2.421800000000000064e-01 -8.810199999999999976e-02
2.422700000000000131e-01 -8.733499999999999597e-02
2.423700000000000021e-01 -8.657499999999999918e-02
2.424600000000000088e-01 -8.582099999999999451e-02
2.425599999999999978e-01 -8.507399999999999685e-02
2.426500000000000046e-01 -8.433399999999999230e-02
2.427499999999999936e-01 -8.359999999999999376e-02
2.428400000000000003e-01 -8.287200000000000122e-02
2.429399999999999893e-01 -8.215100000000000180e-02
2.430299999999999960e-01 -8.143599999999999450e-02
2.431300000000000128e-01 -8.072799999999999421e-02
2.432199999999999918e-01 -8.002499999999999891e-02
2.433200000000000085e-01 -7.932899999999999674e-02
2.434099999999999875e-01 -7.863799999999999957e-02
2.435100000000000042e-01 -7.795399999999999552e-02
2.436000000000000110e-01 -7.727499999999999647e-02
2.437000000000000000e-01 -7.660299999999999054e-02
2.437900000000000067e-01 -7.593600000000000350e-02
2.438899999999999957e-01 -7.527599999999999569e-02
2.439800000000000024e-01 -7.462099999999999289e-02
2.440799999999999914e-01 -7.397099999999999509e-02
2.441699999999999982e-01 -7.332799999999999041e-02
2.442699999999999871e-01 -7.268999999999999073e-02
2.443599999999999939e-01 -7.205699999999999605e-02
2.444600000000000106e-01 -7.142999999999999350e-02
2.445499999999999896e-01 -7.080899999999999694e-02
2.446500000000000064e-01 -7.019299999999999151e-02
2.447400000000000131e-01 -6.958199999999999108e-02
2.448400000000000021e-01 -6.897599999999999565e-02
2.449300000000000088e-01 -6.837599999999999234e-02
2.450299999999999978e-01 -6.778199999999999503e-02
2.451200000000000045e-01 -6.719200000000000172e-02
2.452199999999999935e-01 -6.660699999999999954e-02
2.453100000000000003e-01 -6.602800000000000336e-02
2.454000000000000070e-01 -6.545299999999999729e-02
2.454999999999999960e-01 -6.488399999999999723e-02
2.455900000000000027e-01 -6.432000000000000217e-02
2.456899999999999917e-01 -6.375999999999999723e-02
2.457799999999999985e-01 -6.320599999999999830e-02
2.458799999999999875e-01 -6.265600000000000336e-02
2.459699999999999942e-01 -6.211099999999999954e-02
2.460700000000000109e-01 -6.157099999999999379e-02
2.461599999999999899e-01 -6.103499999999999898e-02
2.462600000000000067e-01 -6.050399999999999529e-02
2.463500000000000134e-01 -5.997799999999999659e-02
2.464500000000000024e-01 -5.945599999999999496e-02
2.465400000000000091e-01 -5.893899999999999834e-02
2.466399999999999981e-01 -5.842699999999999977e-02
2.467300000000000049e-01 -5.791899999999999826e-02
2.468299999999999939e-01 -5.741500000000000076e-02
2.469200000000000006e-01 -5.691599999999999437e-02
2.470199999999999896e-01 -5.642099999999999893e-02
2.471099999999999963e-01 -5.593000000000000055e-02
2.472100000000000131e-01 -5.544400000000000023e-02
2.472999999999999921e-01 -5.496199999999999697e-02
2.474000000000000088e-01 -5.448399999999999771e-02
2.474899999999999878e-01 -5.401099999999999651e-02
2.475900000000000045e-01 -5.354099999999999832e-02
2.476800000000000113e-01 -5.307599999999999818e-02
2.477800000000000002e-01 -5.261400000000000104e-02
2.478700000000000070e-01 -5.215699999999999503e-02
2.479699999999999960e-01 -5.170399999999999996e-02
2.480600000000000027e-01 -5.125400000000000095e-02
2.481599999999999917e-01 -5.080900000000000000e-02
2.482499999999999984e-01 -5.036699999999999511e-02
2.483499999999999874e-01 -4.992900000000000116e-02
2.484399999999999942e-01 -4.949499999999999733e-02
2.485400000000000109e-01 -4.906499999999999750e-02
2.486299999999999899e-01 -4.863899999999999474e-02
2.487300000000000066e-01 -4.821599999999999497e-02
2.488200000000000134e-01 -4.779699999999999921e-02
2.489099999999999924e-01 -4.738200000000000051e-02
2.490100000000000091e-01 -4.697099999999999886e-02
2.490999999999999881e-01 -4.656199999999999922e-02
2.492000000000000048e-01 -4.615799999999999764e-02
2.492900000000000116e-01 -4.575699999999999906e-02
2.493900000000000006e-01 -4.535999999999999754e-02
2.494800000000000073e-01 -4.496599999999999903e-02
2.495799999999999963e-01 -4.457499999999999657e-02
2.496700000000000030e-01 -4.418799999999999811e-02
2.497699999999999920e-01 -4.380399999999999572e-02
2.498599999999999988e-01 -4.342399999999999732e-02
2.499599999999999878e-01 -4.304699999999999499e-02
2.500499999999999945e-01 -4.267299999999999566e-02
2.501499999999999835e-01 -4.230199999999999932e-02
2.502400000000000180e-01 -4.193500000000000005e-02
2.503400000000000070e-01 -4.157099999999999684e-02
2.504299999999999859e-01 -4.120999999999999663e-02
2.505299999999999749e-01 -4.085300000000000042e-02
2.506200000000000094e-01 -4.049799999999999928e-02
2.507199999999999984e-01 -4.014600000000000113e-02
2.508099999999999774e-01 -3.979800000000000004e-02
2.509100000000000219e-01 -3.945299999999999502e-02
2.510000000000000009e-01 -3.910999999999999893e-02
2.510999999999999899e-01 -3.877099999999999991e-02
2.511900000000000244e-01 -3.843499999999999694e-02
2.512900000000000134e-01 -3.810099999999999598e-02
2.513799999999999923e-01 -3.777099999999999902e-02
2.514799999999999813e-01 -3.744299999999999712e-02
2.515700000000000158e-01 -3.711799999999999822e-02
2.516700000000000048e-01 -3.679599999999999538e-02
2.517599999999999838e-01 -3.647699999999999554e-02
2.518599999999999728e-01 -3.616099999999999870e-02
2.519500000000000073e-01 -3.584699999999999692e-02
2.520499999999999963e-01 -3.553699999999999914e-02
2.521399999999999753e-01 -3.522799999999999543e-02
2.522300000000000098e-01 -3.492299999999999571e-02
2.523299999999999987e-01 -3.461999999999999800e-02
2.524199999999999777e-01 -3.431999999999999634e-02
2.525200000000000222e-01 -3.402299999999999769e-02
2.526100000000000012e-01 -3.372800000000000104e-02
2.527099999999999902e-01 -3.343600000000000044e-02
2.528000000000000247e-01 -3.314600000000000185e-02
2.529000000000000137e-01 -3.285899999999999932e-02
2.529899999999999927e-01 -3.257399999999999879e-02
2.530899999999999817e-01 -3.229200000000000126e-02
2.531800000000000161e-01 -3.201299999999999979e-02
2.532800000000000051e-01 -3.173499999999999932e-02
2.533699999999999841e-01 -3.146099999999999591e-02
2.534699999999999731e-01 -3.118799999999999698e-02
2.535600000000000076e-01 -3.091799999999999757e-02
2.536599999999999966e-01 -3.065099999999999769e-02
2.537499999999999756e-01 -3.038499999999999882e-02
2.538500000000000201e-01 -3.012199999999999947e-02
2.539399999999999991e-01 -2.986199999999999966e-02
2.540399999999999880e-01 -2.960399999999999837e-02
2.541300000000000225e-01 -2.934699999999999809e-02
2.542300000000000115e-01 -2.909399999999999833e-02
2.543199999999999905e-01 -2.884199999999999958e-02
2.544199999999999795e-01 -2.859300000000000036e-02
2.545100000000000140e-01 -2.834499999999999867e-02
2.546100000000000030e-01 -2.809999999999999998e-02
2.546999999999999820e-01 -2.785799999999999735e-02
2.548000000000000265e-01 -2.761699999999999919e-02
2.548900000000000055e-01 -2.737799999999999956e-02
2.549899999999999944e-01 -2.714199999999999946e-02
2.550799999999999734e-01 -2.690700000000000036e-02
2.551800000000000179e-01 -2.667499999999999732e-02
2.552699999999999969e-01 -2.644399999999999876e-02
2.553699999999999859e-01 -2.621599999999999972e-02
2.554600000000000204e-01 -2.598999999999999921e-02
2.555600000000000094e-01 -2.576499999999999971e-02
2.556499999999999884e-01 -2.554299999999999973e-02
2.557400000000000229e-01 -2.532299999999999829e-02
2.558400000000000118e-01 -2.510399999999999784e-02
2.559299999999999908e-01 -2.488800000000000040e-02
2.560299999999999798e-01 -2.467300000000000049e-02
2.561200000000000143e-01 -2.445999999999999910e-02
2.562200000000000033e-01 -2.424999999999999725e-02
2.563099999999999823e-01 -2.404099999999999987e-02
2.564100000000000268e-01 -2.383300000000000002e-02
2.565000000000000058e-01 -2.362799999999999970e-02
2.565999999999999948e-01 -2.342400000000000038e-02
2.566899999999999737e-01 -2.322300000000000059e-02
2.567900000000000182e-01 -2.302299999999999833e-02
2.568799999999999972e-01 -2.282499999999999807e-02
2.569799999999999862e-01 -2.262799999999999881e-02
2.570700000000000207e-01 -2.243299999999999808e-02
2.571700000000000097e-01 -2.223999999999999935e-02
2.572599999999999887e-01 -2.204899999999999916e-02
2.573599999999999777e-01 -2.185999999999999749e-02
2.574500000000000122e-01 -2.167200000000000029e-02
2.575500000000000012e-01 -2.148500000000000063e-02
2.576399999999999801e-01 -2.130100000000000049e-02
2.577400000000000246e-01 -2.111799999999999788e-02
2.578300000000000036e-01 -2.093599999999999975e-02
2.579299999999999926e-01 -2.075699999999999767e-02
2.580200000000000271e-01 -2.057799999999999907e-02
2.581200000000000161e-01 -2.040200000000000000e-02
2.582099999999999951e-01 -2.022699999999999845e-02
2.583099999999999841e-01 -2.005299999999999791e-02
2.584000000000000186e-01 -1.988099999999999937e-02
2.585000000000000075e-01 -1.971099999999999935e-02
2.585899999999999865e-01 -1.954200000000000034e-02
2.586899999999999755e-01 -1.937399999999999886e-02
2.587800000000000100e-01 -1.920900000000000038e-02
2.588799999999999990e-01 -1.904399999999999843e-02
2.589699999999999780e-01 -1.888099999999999848e-02
2.590600000000000125e-01 -1.872000000000000053e-02
2.591600000000000015e-01 -1.855899999999999911e-02
2.592499999999999805e-01 -1.840100000000000069e-02
2.593500000000000250e-01 -1.824299999999999880e-02
2.594400000000000039e-01 -1.808699999999999891e-02
2.595399999999999929e-01 -1.793299999999999755e-02
2.596300000000000274e-01 -1.778000000000000067e-02
2.597300000000000164e-01 -1.762799999999999784e-02
2.598199999999999954e-01 -1.747800000000000048e-02
2.599199999999999844e-01 -1.732799999999999965e-02
2.600100000000000189e-01 -1.718099999999999836e-02
2.601100000000000079e-01 -1.703400000000000053e-02
2.601999999999999869e-01 -1.688899999999999776e-02
2.602999999999999758e-01 -1.674499999999999947e-02
2.603900000000000103e-01 -1.660299999999999970e-02
2.604899999999999993e-01 -1.646099999999999994e-02
2.605799999999999783e-01 -1.632099999999999870e-02
2.606800000000000228e-01 -1.618299999999999947e-02
2.607700000000000018e-01 -1.604500000000000023e-02
2.608699999999999908e-01 -1.590899999999999953e-02
2.609600000000000253e-01 -1.577399999999999983e-02
2.610600000000000143e-01 -1.563999999999999765e-02
2.611499999999999932e-01 -1.550699999999999995e-02
2.612499999999999822e-01 -1.537499999999999978e-02
2.613400000000000167e-01 -1.524499999999999987e-02
2.614400000000000057e-01 -1.511599999999999923e-02
2.615299999999999847e-01 -1.498799999999999959e-02
2.616299999999999737e-01 -1.486099999999999921e-02
2.617200000000000082e-01 -1.473499999999999983e-02
2.618199999999999972e-01 -1.461099999999999899e-02
2.619099999999999762e-01 -1.448699999999999988e-02
2.620100000000000207e-01 -1.436499999999999930e-02
2.620999999999999996e-01 -1.424399999999999972e-02
2.621999999999999886e-01 -1.412300000000000014e-02
2.622900000000000231e-01 -1.400399999999999909e-02
2.623900000000000121e-01 -1.388599999999999904e-02
2.624799999999999911e-01 -1.376899999999999999e-02
2.625700000000000256e-01 -1.365399999999999947e-02
2.626700000000000146e-01 -1.353899999999999895e-02
2.627599999999999936e-01 -1.342499999999999943e-02
2.628599999999999826e-01 -1.331199999999999918e-02
2.629500000000000171e-01 -1.319999999999999993e-02
2.630500000000000060e-01 -1.308999999999999921e-02
2.631399999999999850e-01 -1.298000000000000022e-02
2.632399999999999740e-01 -1.287099999999999876e-02
2.633300000000000085e-01 -1.276300000000000004e-02
2.634299999999999975e-01 -1.265599999999999885e-02
2.635199999999999765e-01 -1.255099999999999966e-02
2.636200000000000210e-01 -1.244599999999999873e-02
2.637100000000000000e-01 -1.234199999999999880e-02
2.638099999999999890e-01 -1.223899999999999988e-02
2.639000000000000234e-01 -1.213700000000000022e-02
2.640000000000000124e-01 -1.203599999999999982e-02
2.640899999999999914e-01 -1.193599999999999869e-02
2.641899999999999804e-01 -1.183599999999999930e-02
2.642800000000000149e-01 -1.173800000000000017e-02
2.643800000000000039e-01 -1.163999999999999931e-02
2.644699999999999829e-01 -1.154399999999999871e-02
2.645700000000000274e-01 -1.144799999999999984e-02
2.646600000000000064e-01 -1.135300000000000024e-02
2.647599999999999953e-01 -1.125899999999999991e-02
2.648499999999999743e-01 -1.116599999999999884e-02
2.649500000000000188e-01 -1.107399999999999878e-02
2.650399999999999978e-01 -1.098299999999999971e-02
2.651399999999999868e-01 -1.089199999999999890e-02
2.652300000000000213e-01 -1.080300000000000010e-02
2.653300000000000103e-01 -1.071399999999999957e-02
2.654199999999999893e-01 -1.062600000000000003e-02
2.655199999999999783e-01 -1.053799999999999876e-02
2.656100000000000128e-01 -1.045199999999999949e-02
2.657100000000000017e-01 -1.036600000000000021e-02
2.657999999999999807e-01 -1.028199999999999947e-02
2.658900000000000152e-01 -1.019699999999999947e-02
2.659900000000000042e-01 -1.011399999999999973e-02
2.660799999999999832e-01 -1.003199999999999925e-02
2.661800000000000277e-01 -9.949999999999998776e-03
2.662700000000000067e-01 -9.868999999999999301e-03
2.663699999999999957e-01 -9.788799999999998544e-03
2.664599999999999747e-01 -9.709399999999999975e-03
2.665600000000000191e-01 -9.630700000000000718e-03
2.666499999999999981e-01 -9.552700000000000774e-03
2.667499999999999871e-01 -9.475499999999999548e-03
2.668400000000000216e-01 -9.398999999999999369e-03
2.669400000000000106e-01 -9.323200000000000237e-03
2.670299999999999896e-01 -9.248100000000000417e-03
2.671299999999999786e-01 -9.173699999999999910e-03
2.672200000000000131e-01 -9.100000000000000450e-03
2.673200000000000021e-01 -9.027099999999999708e-03
2.674099999999999810e-01 -8.954799999999998872e-03
2.675100000000000255e-01 -8.883200000000000818e-03
2.676000000000000045e-01 -8.812299999999998606e-03
2.676999999999999935e-01 -8.741999999999999771e-03
2.677899999999999725e-01 -8.672499999999999654e-03
2.678900000000000170e-01 -8.603599999999999443e-03
2.679799999999999960e-01 -8.535299999999999138e-03
2.680799999999999850e-01 -8.467699999999999880e-03
2.681700000000000195e-01 -8.400799999999998199e-03
2.682700000000000085e-01 -8.334499999999999895e-03
2.683599999999999874e-01 -8.268799999999999761e-03
2.684599999999999764e-01 -8.203799999999998940e-03
2.685500000000000109e-01 -8.139399999999999760e-03
2.686499999999999999e-01 -8.075600000000000486e-03
2.687399999999999789e-01 -8.012499999999998790e-03
2.688400000000000234e-01 -7.949899999999999328e-03
2.689300000000000024e-01 -7.887999999999999179e-03
2.690299999999999914e-01 -7.826699999999998936e-03
2.691200000000000259e-01 -7.765899999999999193e-03
2.692200000000000149e-01 -7.705799999999999629e-03
2.693099999999999938e-01 -7.646199999999999698e-03
2.693999999999999728e-01 -7.587299999999999947e-03
2.695000000000000173e-01 -7.528899999999998961e-03
2.695899999999999963e-01 -7.471099999999999616e-03
2.696899999999999853e-01 -7.413899999999999310e-03
2.697800000000000198e-01 -7.357199999999999504e-03
2.698800000000000088e-01 -7.301099999999999604e-03
2.699699999999999878e-01 -7.245599999999999610e-03
2.700699999999999767e-01 -7.190600000000000117e-03
2.701600000000000112e-01 -7.136100000000000255e-03
2.702600000000000002e-01 -7.082299999999999707e-03
2.703499999999999792e-01 -7.028899999999999385e-03
2.704500000000000237e-01 -6.976099999999999836e-03
2.705400000000000027e-01 -6.923799999999999920e-03
2.706399999999999917e-01 -6.872099999999999910e-03
2.707300000000000262e-01 -6.820899999999999533e-03
2.708300000000000152e-01 -6.770199999999999656e-03
2.709199999999999942e-01 -6.719999999999999411e-03
2.710199999999999831e-01 -6.670299999999999667e-03
2.711100000000000176e-01 -6.621199999999999829e-03
2.712100000000000066e-01 -6.572499999999999350e-03
2.712999999999999856e-01 -6.524399999999999644e-03
2.713999999999999746e-01 -6.476799999999999571e-03
2.714900000000000091e-01 -6.429599999999999725e-03
2.715899999999999981e-01 -6.382999999999999785e-03
2.716799999999999771e-01 -6.336800000000000072e-03
2.717800000000000216e-01 -6.291099999999999991e-03
2.718700000000000006e-01 -6.245899999999999543e-03
2.719699999999999895e-01 -6.201199999999999594e-03
2.720600000000000240e-01 -6.157000000000000146e-03
2.721600000000000130e-01 -6.113199999999999190e-03
2.722499999999999920e-01 -6.069899999999999601e-03
2.723499999999999810e-01 -6.027100000000000513e-03
2.724400000000000155e-01 -5.984699999999999916e-03
2.725400000000000045e-01 -5.942799999999999819e-03
2.726299999999999835e-01 -5.901299999999999948e-03
2.727200000000000180e-01 -5.860299999999999711e-03
2.728200000000000069e-01 -5.819699999999999700e-03
2.729099999999999859e-01 -5.779600000000000189e-03
2.730099999999999749e-01 -5.739899999999999169e-03
2.731000000000000094e-01 -5.700699999999999518e-03
2.731999999999999984e-01 -5.661899999999999225e-03
2.732899999999999774e-01 -5.623500000000000026e-03
2.733900000000000219e-01 -5.585600000000000460e-03
2.734800000000000009e-01 -5.548100000000000254e-03
2.735799999999999899e-01 -5.510999999999999406e-03
2.736700000000000244e-01 -5.474399999999999059e-03
2.737700000000000133e-01 -5.438100000000000399e-03
2.738599999999999923e-01 -5.402299999999999637e-03
2.739599999999999813e-01 -5.366899999999999102e-03
2.740500000000000158e-01 -5.331899999999999661e-03
2.741500000000000048e-01 -5.297299999999999578e-03
2.742399999999999838e-01 -5.263099999999999723e-03
2.743399999999999728e-01 -5.229399999999999500e-03
2.744300000000000073e-01 -5.196000000000000098e-03
2.745299999999999963e-01 -5.163000000000000055e-03
2.746199999999999752e-01 -5.130399999999999371e-03
2.747200000000000197e-01 -5.098199999999999781e-03
2.748099999999999987e-01 -5.066399999999999550e-03
2.749099999999999877e-01 -5.034999999999999545e-03
2.750000000000000222e-01 -5.003999999999999768e-03
2.751000000000000112e-01 -4.973299999999999943e-03
2.751899999999999902e-01 -4.943099999999999751e-03
2.752899999999999792e-01 -4.913199999999999512e-03
2.753800000000000137e-01 -4.883699999999999500e-03
2.754800000000000026e-01 -4.854499999999999441e-03
2.755699999999999816e-01 -4.825799999999999881e-03
2.756700000000000261e-01 -4.797399999999999408e-03
2.757600000000000051e-01 -4.769299999999999755e-03
2.758599999999999941e-01 -4.741699999999999735e-03
2.759499999999999731e-01 -4.714399999999999667e-03
2.760500000000000176e-01 -4.687499999999999827e-03
2.761399999999999966e-01 -4.660899999999999072e-03
2.762299999999999756e-01 -4.634699999999999410e-03
2.763300000000000201e-01 -4.608799999999999703e-03
2.764199999999999990e-01 -4.583300000000000221e-03
2.765199999999999880e-01 -4.558099999999999825e-03
2.766100000000000225e-01 -4.533299999999999656e-03
2.767100000000000115e-01 -4.508800000000000308e-03
2.767999999999999905e-01 -4.484699999999999451e-03
2.768999999999999795e-01 -4.460899999999999414e-03
2.769900000000000140e-01 -4.437499999999999604e-03
2.770900000000000030e-01 -4.414399999999999748e-03
2.771799999999999820e-01 -4.391699999999999250e-03
2.772800000000000264e-01 -4.369199999999999300e-03
2.773700000000000054e-01 -4.347100000000000443e-03
2.774699999999999944e-01 -4.325399999999999211e-03
2.775599999999999734e-01 -4.303999999999999666e-03
2.776600000000000179e-01 -4.282899999999999208e-03
2.777499999999999969e-01 -4.262100000000000437e-03
2.778499999999999859e-01 -4.241699999999999290e-03
2.779400000000000204e-01 -4.221599999999999832e-03
2.780400000000000094e-01 -4.201800000000000326e-03
2.781299999999999883e-01 -4.182299999999999907e-03
2.782299999999999773e-01 -4.163199999999999713e-03
2.783200000000000118e-01 -4.144300000000000067e-03
2.784200000000000008e-01 -4.125799999999999780e-03
2.785099999999999798e-01 -4.107600000000000313e-03
2.786100000000000243e-01 -4.089800000000000206e-03
2.787000000000000033e-01 -4.072199999999999778e-03
2.787999999999999923e-01 -4.054900000000000171e-03
2.788900000000000268e-01 -4.037999999999999923e-03
2.789900000000000158e-01 -4.021399999999999628e-03
2.790799999999999947e-01 -4.004999999999999880e-03
2.791799999999999837e-01 -3.988999999999999491e-03
2.792700000000000182e-01 -3.973299999999999922e-03
2.793700000000000072e-01 -3.957900000000000307e-03
2.794599999999999862e-01 -3.942799999999999777e-03
2.795500000000000207e-01 -3.928000000000000068e-03
2.796500000000000097e-01 -3.913499999999999444e-03
2.797399999999999887e-01 -3.899300000000000075e-03
2.798399999999999777e-01 -3.885399999999999791e-03
2.799300000000000122e-01 -3.871799999999999894e-03
2.800300000000000011e-01 -3.858499999999999951e-03
2.801199999999999801e-01 -3.845499999999999960e-03
2.802200000000000246e-01 -3.832699999999999649e-03
2.803100000000000036e-01 -3.820299999999999998e-03
2.804099999999999926e-01 -3.808199999999999433e-03
2.805000000000000271e-01 -3.796299999999999848e-03
2.806000000000000161e-01 -3.784800000000000057e-03
2.806899999999999951e-01 -3.773499999999999945e-03
2.807899999999999840e-01 -3.762599999999999625e-03
2.808800000000000185e-01 -3.751899999999999853e-03
2.809800000000000075e-01 -3.741500000000000034e-03
2.810699999999999865e-01 -3.731399999999999734e-03
2.811699999999999755e-01 -3.721499999999999982e-03
2.812600000000000100e-01 -3.712000000000000022e-03
2.813599999999999990e-01 -3.702800000000000015e-03
2.814499999999999780e-01 -3.693800000000000121e-03
2.815500000000000225e-01 -3.685099999999999747e-03
2.816400000000000015e-01 -3.676699999999999760e-03
2.817399999999999904e-01 -3.668599999999999726e-03
2.818300000000000249e-01 -3.660699999999999805e-03
2.819300000000000139e-01 -3.653199999999999677e-03
2.820199999999999929e-01 -3.645900000000000096e-03
2.821199999999999819e-01 -3.638900000000000034e-03
2.822100000000000164e-01 -3.632199999999999492e-03
2.823100000000000054e-01 -3.625699999999999496e-03
2.823999999999999844e-01 -3.619599999999999727e-03
2.824999999999999734e-01 -3.613699999999999638e-03
2.825900000000000079e-01 -3.608099999999999936e-03
2.826899999999999968e-01 -3.602699999999999479e-03
2.827799999999999758e-01 -3.597699999999999683e-03
2.828800000000000203e-01 -3.592900000000000000e-03
2.829699999999999993e-01 -3.588399999999999836e-03
2.830599999999999783e-01 -3.584099999999999786e-03
2.831600000000000228e-01 -3.580199999999999529e-03
2.832500000000000018e-01 -3.576499999999999818e-03
2.833499999999999908e-01 -3.573099999999999627e-03
2.834400000000000253e-01 -3.569899999999999983e-03
2.835400000000000142e-01 -3.567099999999999698e-03
2.836299999999999932e-01 -3.564499999999999960e-03
2.837299999999999822e-01 -3.562199999999999742e-03
2.838200000000000167e-01 -3.560099999999999636e-03
2.839200000000000057e-01 -3.558399999999999758e-03
2.840099999999999847e-01 -3.556899999999999992e-03
2.841099999999999737e-01 -3.555599999999999906e-03
2.842000000000000082e-01 -3.554699999999999614e-03
2.842999999999999972e-01 -3.553999999999999868e-03
2.843899999999999761e-01 -3.553599999999999641e-03
2.844900000000000206e-01 -3.553499999999999801e-03
